"advert_id","reporting_label","theme","is_default","active","start_date","end_date","advert_name","subheadline","subheadline_report","slide_class_1","product_name_1","click_url_1","sticker_image_1","product_image_1","product_description_1","price_offer_1","price_new_1","price_old_1","price_unit_1","slide_class_2","product_name_2","click_url_2","sticker_image_2","product_image_2","product_description_2","price_offer_2","price_new_2","price_old_2","price_unit_2","slide_class_3","click_url_3","cta_1","brand_image_1","brand_image_2"
"Gyulai vagy csabai szárazkolbász - MILFINA - ENJOY FREE! Laktózmentes ESL tej_default","KW32_akcios_kinalat_nagy_01.jpg_KW32_akcios_kinalat_nagy_02.jpg_product","KW3","true","true","2021-01-01","2023-01-01","product","Érvényes: <b>08.12.</b> csütörtöktől <b>08.18.</b> szerdáig.","csütörtöktől - szerdáig","slide_1","Gyulai vagy csabai szárazkolbász","https://www.aldi.hu/hu/ajanlatok/akciok-aldi-aron/reszletes-oldal/ps/p/gyulai-vagy-csabai-szarazkolbasz-8/","DRM_Asset:Aldi/1x1.png","https://www.aldi.hu/fileadmin/fm-dam/products/2021/kw32/akcio/KW32_akcios_kinalat_nagy_01.jpg","2 556 Ft/kg","-25<span style='font-size:14px'>%</span>","639","859Ft","Ft/csomag"," slide_2_stop","Laktózmentes tej","https://www.aldi.hu/hu/ajanlatok/akciok-aldi-aron/reszletes-oldal/ps/p/milfinalaktozmentes-esl-tej/","DRM_Asset:Aldi/badges/KW32_akcios_kinalat_badge_02.jpg","https://www.aldi.hu/fileadmin/fm-dam/products/2021/kw32/akcio/KW32_akcios_kinalat_nagy_02.jpg","225 Ft/l","-35<span style='font-size:14px'>%</span>","225","349Ft","Ft/doboz"," slide_3","https://www.aldi.hu/hu/ajanlatok/akciok-aldi-aron/","Ajánlatok megtekintése","DRM_Asset:Aldi/logo.svg","DRM_Asset:Aldi/logo_2.svg"
"Gyulai vagy csabai szárazkolbász - MILFINA - ENJOY FREE! Laktózmentes ESL tej","KW32_akcios_kinalat_nagy_01.jpg_KW32_akcios_kinalat_nagy_02.jpg_product","KW3","false","true","2021-08-12","2021-08-18","product","Érvényes: <b>08.12.</b> csütörtöktől <b>08.18.</b> szerdáig.","csütörtöktől - szerdáig","slide_1","Gyulai vagy csabai szárazkolbász","https://www.aldi.hu/hu/ajanlatok/akciok-aldi-aron/reszletes-oldal/ps/p/gyulai-vagy-csabai-szarazkolbasz-8/","DRM_Asset:Aldi/1x1.png","https://www.aldi.hu/fileadmin/fm-dam/products/2021/kw32/akcio/KW32_akcios_kinalat_nagy_01.jpg","2 556 Ft/kg","-25<span style='font-size:14px'>%</span>","639","859Ft","Ft/csomag"," slide_2_stop","Laktózmentes tej","https://www.aldi.hu/hu/ajanlatok/akciok-aldi-aron/reszletes-oldal/ps/p/milfinalaktozmentes-esl-tej/","DRM_Asset:Aldi/badges/KW32_akcios_kinalat_badge_02.jpg","https://www.aldi.hu/fileadmin/fm-dam/products/2021/kw32/akcio/KW32_akcios_kinalat_nagy_02.jpg","225 Ft/l","-35<span style='font-size:14px'>%</span>","225","349Ft","Ft/doboz"," slide_3","https://www.aldi.hu/hu/ajanlatok/akciok-aldi-aron/","Ajánlatok megtekintése","DRM_Asset:Aldi/logo.svg","DRM_Asset:Aldi/logo_2.svg"
"MILFINA - ENJOY FREE! Laktózmentes ESL tej - HAPPY FRUITS Meggynektár","KW32_akcios_kinalat_nagy_02.jpg_KW32_akcios_kinalat_nagy_03.jpg_product","KW3","false","true","2021-08-12","2021-08-18","product","Érvényes: <b>08.12.</b> csütörtöktől <b>08.18.</b> szerdáig.","csütörtöktől - szerdáig","slide_1","Laktózmentes tej","https://www.aldi.hu/hu/ajanlatok/akciok-aldi-aron/reszletes-oldal/ps/p/milfinalaktozmentes-esl-tej/","DRM_Asset:Aldi/badges/KW32_akcios_kinalat_badge_02.jpg","https://www.aldi.hu/fileadmin/fm-dam/products/2021/kw32/akcio/KW32_akcios_kinalat_nagy_02.jpg","225 Ft/l","-35<span style='font-size:14px'>%</span>","225","349Ft","Ft/doboz"," slide_2_stop","Meggynektár","https://www.aldi.hu/hu/ajanlatok/akciok-aldi-aron/reszletes-oldal/ps/p/happy-fruitsmeggynektar-20/","DRM_Asset:Aldi/badges/KW32_akcios_kinalat_badge_03.jpg","https://www.aldi.hu/fileadmin/fm-dam/products/2021/kw32/akcio/KW32_akcios_kinalat_nagy_03.jpg","309 Ft/l","-22<span style='font-size:14px'>%</span>","309","399Ft","Ft/doboz"," slide_3","https://www.aldi.hu/hu/ajanlatok/akciok-aldi-aron/","Ajánlatok megtekintése","DRM_Asset:Aldi/logo.svg","DRM_Asset:Aldi/logo_2.svg"
"HAPPY FRUITS Meggynektár - NATURE'S GOLD Franciasaláta- vagy mexikói zöldségkeverék","KW32_akcios_kinalat_nagy_03.jpg_KW32_akcios_kinalat_nagy_04.jpg_product","KW3","false","true","2021-08-12","2021-08-18","product","Érvényes: <b>08.12.</b> csütörtöktől <b>08.18.</b> szerdáig.","csütörtöktől - szerdáig","slide_1","Meggynektár","https://www.aldi.hu/hu/ajanlatok/akciok-aldi-aron/reszletes-oldal/ps/p/happy-fruitsmeggynektar-20/","DRM_Asset:Aldi/badges/KW32_akcios_kinalat_badge_03.jpg","https://www.aldi.hu/fileadmin/fm-dam/products/2021/kw32/akcio/KW32_akcios_kinalat_nagy_03.jpg","309 Ft/l","-22<span style='font-size:14px'>%</span>","309","399Ft","Ft/doboz"," slide_2_stop","Franciasaláta- vagy mexikói zöldségkeverék","https://www.aldi.hu/hu/ajanlatok/akciok-aldi-aron/reszletes-oldal/ps/p/natures-goldfranciasalata-vagy-mexikoi-zoeldsgkeve-3/","DRM_Asset:Aldi/badges/KW32_akcios_kinalat_badge_04.jpg","https://www.aldi.hu/fileadmin/fm-dam/products/2021/kw32/akcio/KW32_akcios_kinalat_nagy_04.jpg","329 Ft/kg","-31<span style='font-size:14px'>%</span>","329","479Ft","Ft/csomag"," slide_3","https://www.aldi.hu/hu/ajanlatok/akciok-aldi-aron/","Ajánlatok megtekintése","DRM_Asset:Aldi/logo.svg","DRM_Asset:Aldi/logo_2.svg"
"NATURE'S GOLD Franciasaláta- vagy mexikói zöldségkeverék - HÚSMESTER Grillcsirke","KW32_akcios_kinalat_nagy_04.jpg_KW32_akcios_kinalat_nagy_06.jpg_product","KW3","false","true","2021-08-12","2021-08-18","product","Érvényes: <b>08.12.</b> csütörtöktől <b>08.18.</b> szerdáig.","csütörtöktől - szerdáig","slide_1","Franciasaláta- vagy mexikói zöldségkeverék","https://www.aldi.hu/hu/ajanlatok/akciok-aldi-aron/reszletes-oldal/ps/p/natures-goldfranciasalata-vagy-mexikoi-zoeldsgkeve-3/","DRM_Asset:Aldi/badges/KW32_akcios_kinalat_badge_04.jpg","https://www.aldi.hu/fileadmin/fm-dam/products/2021/kw32/akcio/KW32_akcios_kinalat_nagy_04.jpg","329 Ft/kg","-31<span style='font-size:14px'>%</span>","329","479Ft","Ft/csomag"," slide_2_stop","Grillcsirke","https://www.aldi.hu/hu/ajanlatok/akciok-aldi-aron/reszletes-oldal/ps/p/husmestergrillcsirke-10/","DRM_Asset:Aldi/badges/KW32_akcios_kinalat_badge_06.jpg","https://www.aldi.hu/fileadmin/fm-dam/products/2021/kw32/akcio/KW32_akcios_kinalat_nagy_06.jpg","569 Ft/kg","-70Ft","569","639Ft","Ft/kg"," slide_3","https://www.aldi.hu/hu/ajanlatok/akciok-aldi-aron/","Ajánlatok megtekintése","DRM_Asset:Aldi/logo.svg","DRM_Asset:Aldi/logo_2.svg"
"HÚSMESTER Grillcsirke - AZON MELEGÉBEN Baconös kenyérlángos","KW32_akcios_kinalat_nagy_06.jpg_KW32_akcios_kinalat_nagy_07.jpg_product","KW3","false","true","2021-08-12","2021-08-18","product","Érvényes: <b>08.12.</b> csütörtöktől <b>08.18.</b> szerdáig.","csütörtöktől - szerdáig","slide_1","Grillcsirke","https://www.aldi.hu/hu/ajanlatok/akciok-aldi-aron/reszletes-oldal/ps/p/husmestergrillcsirke-10/","DRM_Asset:Aldi/badges/KW32_akcios_kinalat_badge_06.jpg","https://www.aldi.hu/fileadmin/fm-dam/products/2021/kw32/akcio/KW32_akcios_kinalat_nagy_06.jpg","569 Ft/kg","-70Ft","569","639Ft","Ft/kg"," slide_2_stop","Baconös kenyérlángos","https://www.aldi.hu/hu/ajanlatok/akciok-aldi-aron/reszletes-oldal/ps/p/azon-melegbenbaconoes-kenyrlangos-15/","DRM_Asset:Aldi/badges/KW32_akcios_kinalat_badge_07.jpg","https://www.aldi.hu/fileadmin/fm-dam/products/2021/kw32/akcio/KW32_akcios_kinalat_nagy_07.jpg","1 352 Ft/kg","-100Ft","169","269Ft","Ft/darab"," slide_3","https://www.aldi.hu/hu/ajanlatok/akciok-aldi-aron/","Ajánlatok megtekintése","DRM_Asset:Aldi/logo.svg","DRM_Asset:Aldi/logo_2.svg"
"AZON MELEGÉBEN Baconös kenyérlángos - HÚSMESTER Sertés-marha darált hús","KW32_akcios_kinalat_nagy_07.jpg_KW32_akcios_kinalat_nagy_08.jpg_product","KW3","false","true","2021-08-12","2021-08-18","product","Érvényes: <b>08.12.</b> csütörtöktől <b>08.18.</b> szerdáig.","csütörtöktől - szerdáig","slide_1","Baconös kenyérlángos","https://www.aldi.hu/hu/ajanlatok/akciok-aldi-aron/reszletes-oldal/ps/p/azon-melegbenbaconoes-kenyrlangos-15/","DRM_Asset:Aldi/badges/KW32_akcios_kinalat_badge_07.jpg","https://www.aldi.hu/fileadmin/fm-dam/products/2021/kw32/akcio/KW32_akcios_kinalat_nagy_07.jpg","1 352 Ft/kg","-100Ft","169","269Ft","Ft/darab"," slide_2_stop","Sertés-marha darált hús","https://www.aldi.hu/hu/ajanlatok/akciok-aldi-aron/reszletes-oldal/ps/p/husmesterserts-marha-daralt-hus/","DRM_Asset:Aldi/badges/KW32_akcios_kinalat_badge_08.jpg","https://www.aldi.hu/fileadmin/fm-dam/products/2021/kw32/akcio/KW32_akcios_kinalat_nagy_08.jpg","1 497,50 Ft/kg","-20<span style='font-size:14px'>%</span>","599","749Ft","Ft/tálca"," slide_3","https://www.aldi.hu/hu/ajanlatok/akciok-aldi-aron/","Ajánlatok megtekintése","DRM_Asset:Aldi/logo.svg","DRM_Asset:Aldi/logo_2.svg"
"HÚSMESTER Sertés-marha darált hús - AZON MELEGÉBEN Hozzáadott cukor nélküli, teljes kiőrlésű kakaós dupla tekercs","KW32_akcios_kinalat_nagy_08.jpg_KW32_akcios_kinalat_nagy_09.jpg_product","KW3","false","true","2021-08-12","2021-08-18","product","Érvényes: <b>08.12.</b> csütörtöktől <b>08.18.</b> szerdáig.","csütörtöktől - szerdáig","slide_1","Sertés-marha darált hús","https://www.aldi.hu/hu/ajanlatok/akciok-aldi-aron/reszletes-oldal/ps/p/husmesterserts-marha-daralt-hus/","DRM_Asset:Aldi/badges/KW32_akcios_kinalat_badge_08.jpg","https://www.aldi.hu/fileadmin/fm-dam/products/2021/kw32/akcio/KW32_akcios_kinalat_nagy_08.jpg","1 497,50 Ft/kg","-20<span style='font-size:14px'>%</span>","599","749Ft","Ft/tálca"," slide_2_stop","Hozzáadott cukor nélküli, teljes kiőrlésű kakaós dupla tekercs","https://www.aldi.hu/hu/ajanlatok/akciok-aldi-aron/reszletes-oldal/ps/p/azon-melegbenhozzaadott-cukor-nlkueli-teljes-kiorl-3/","DRM_Asset:Aldi/badges/KW32_akcios_kinalat_badge_09.jpg","https://www.aldi.hu/fileadmin/fm-dam/products/2021/kw32/akcio/KW32_akcios_kinalat_nagy_09.jpg","990 Ft/kg","-28<span style='font-size:14px'>%</span>","99","139Ft","Ft/darab"," slide_3","https://www.aldi.hu/hu/ajanlatok/akciok-aldi-aron/","Ajánlatok megtekintése","DRM_Asset:Aldi/logo.svg","DRM_Asset:Aldi/logo_2.svg"
"AZON MELEGÉBEN Hozzáadott cukor nélküli, teljes kiőrlésű kakaós dupla tekercs - Tavaszi csirkemell csemege","KW32_akcios_kinalat_nagy_09.jpg_KW32_akcios_kinalat_nagy_10.jpg_product","KW3","false","true","2021-08-12","2021-08-18","product","Érvényes: <b>08.12.</b> csütörtöktől <b>08.18.</b> szerdáig.","csütörtöktől - szerdáig","slide_1","Hozzáadott cukor nélküli, teljes kiőrlésű kakaós dupla tekercs","https://www.aldi.hu/hu/ajanlatok/akciok-aldi-aron/reszletes-oldal/ps/p/azon-melegbenhozzaadott-cukor-nlkueli-teljes-kiorl-3/","DRM_Asset:Aldi/badges/KW32_akcios_kinalat_badge_09.jpg","https://www.aldi.hu/fileadmin/fm-dam/products/2021/kw32/akcio/KW32_akcios_kinalat_nagy_09.jpg","990 Ft/kg","-28<span style='font-size:14px'>%</span>","99","139Ft","Ft/darab"," slide_2_stop","Tavaszi csirkemell csemege","https://www.aldi.hu/hu/ajanlatok/akciok-aldi-aron/reszletes-oldal/ps/p/tavaszi-csirkemell-csemege/","DRM_Asset:Aldi/badges/KW32_akcios_kinalat_badge_10.jpg","https://www.aldi.hu/fileadmin/fm-dam/products/2021/kw32/akcio/KW32_akcios_kinalat_nagy_10.jpg","1 190 Ft/kg","-25<span style='font-size:14px'>%</span>","119","159Ft","Ft/csomag"," slide_3","https://www.aldi.hu/hu/ajanlatok/akciok-aldi-aron/","Ajánlatok megtekintése","DRM_Asset:Aldi/logo.svg","DRM_Asset:Aldi/logo_2.svg"
"Tavaszi csirkemell csemege - KOKÁRDÁS Vödrös tejföl","KW32_akcios_kinalat_nagy_10.jpg_KW32_akcios_kinalat_nagy_11.jpg_product","KW3","false","true","2021-08-12","2021-08-18","product","Érvényes: <b>08.12.</b> csütörtöktől <b>08.18.</b> szerdáig.","csütörtöktől - szerdáig","slide_1","Tavaszi csirkemell csemege","https://www.aldi.hu/hu/ajanlatok/akciok-aldi-aron/reszletes-oldal/ps/p/tavaszi-csirkemell-csemege/","DRM_Asset:Aldi/badges/KW32_akcios_kinalat_badge_10.jpg","https://www.aldi.hu/fileadmin/fm-dam/products/2021/kw32/akcio/KW32_akcios_kinalat_nagy_10.jpg","1 190 Ft/kg","-25<span style='font-size:14px'>%</span>","119","159Ft","Ft/csomag"," slide_2_stop","Vödrös tejföl","https://www.aldi.hu/hu/ajanlatok/akciok-aldi-aron/reszletes-oldal/ps/p/kokardasvoedroes-tejfoel-29/","DRM_Asset:Aldi/badges/KW32_akcios_kinalat_badge_11.jpg","https://www.aldi.hu/fileadmin/fm-dam/products/2021/kw32/akcio/KW32_akcios_kinalat_nagy_11.jpg","610,59 Ft/kg","-80Ft","519","599Ft","Ft/vödör"," slide_3","https://www.aldi.hu/hu/ajanlatok/akciok-aldi-aron/","Ajánlatok megtekintése","DRM_Asset:Aldi/logo.svg","DRM_Asset:Aldi/logo_2.svg"
"KOKÁRDÁS Vödrös tejföl - Füstölt, főtt tarja vagy csemege karaj","KW32_akcios_kinalat_nagy_11.jpg_KW32_akcios_kinalat_nagy_12.jpg_product","KW3","false","true","2021-08-12","2021-08-18","product","Érvényes: <b>08.12.</b> csütörtöktől <b>08.18.</b> szerdáig.","csütörtöktől - szerdáig","slide_1","Vödrös tejföl","https://www.aldi.hu/hu/ajanlatok/akciok-aldi-aron/reszletes-oldal/ps/p/kokardasvoedroes-tejfoel-29/","DRM_Asset:Aldi/badges/KW32_akcios_kinalat_badge_11.jpg","https://www.aldi.hu/fileadmin/fm-dam/products/2021/kw32/akcio/KW32_akcios_kinalat_nagy_11.jpg","610,59 Ft/kg","-80Ft","519","599Ft","Ft/vödör"," slide_2_stop","Füstölt, főtt tarja vagy csemege karaj","https://www.aldi.hu/hu/ajanlatok/akciok-aldi-aron/reszletes-oldal/ps/p/fuestoelt-fott-tarja-vagy-csemege-karaj-10/","DRM_Asset:Aldi/1x1.png","https://www.aldi.hu/fileadmin/fm-dam/products/2021/kw32/akcio/KW32_akcios_kinalat_nagy_12.jpg","3 158,33 / 3 790 Ft/kg","-50Ft","379","429Ft","Ft/csomag"," slide_3","https://www.aldi.hu/hu/ajanlatok/akciok-aldi-aron/","Ajánlatok megtekintése","DRM_Asset:Aldi/logo.svg","DRM_Asset:Aldi/logo_2.svg"
"Füstölt, főtt tarja vagy csemege karaj - MILFINA Kenhető keverék","KW32_akcios_kinalat_nagy_12.jpg_KW32_akcios_kinalat_nagy_13.jpg_product","KW3","false","true","2021-08-12","2021-08-18","product","Érvényes: <b>08.12.</b> csütörtöktől <b>08.18.</b> szerdáig.","csütörtöktől - szerdáig","slide_1","Füstölt, főtt tarja vagy csemege karaj","https://www.aldi.hu/hu/ajanlatok/akciok-aldi-aron/reszletes-oldal/ps/p/fuestoelt-fott-tarja-vagy-csemege-karaj-10/","DRM_Asset:Aldi/1x1.png","https://www.aldi.hu/fileadmin/fm-dam/products/2021/kw32/akcio/KW32_akcios_kinalat_nagy_12.jpg","3 158,33 / 3 790 Ft/kg","-50Ft","379","429Ft","Ft/csomag"," slide_2_stop","Kenhető keverék","https://www.aldi.hu/hu/ajanlatok/akciok-aldi-aron/reszletes-oldal/ps/p/milfinakenheto-keverk-7/","DRM_Asset:Aldi/badges/KW32_akcios_kinalat_badge_13.jpg","https://www.aldi.hu/fileadmin/fm-dam/products/2021/kw32/akcio/KW32_akcios_kinalat_nagy_13.jpg","1 796 Ft/kg","-200Ft","449","649Ft","Ft/tégely"," slide_3","https://www.aldi.hu/hu/ajanlatok/akciok-aldi-aron/","Ajánlatok megtekintése","DRM_Asset:Aldi/logo.svg","DRM_Asset:Aldi/logo_2.svg"
"MILFINA Kenhető keverék - Füstölt, főtt tarja vagy csemege karaj","KW32_akcios_kinalat_nagy_13.jpg_KW32_akcios_kinalat_nagy_12.jpg_product","KW3","false","true","2021-08-12","2021-08-18","product","Érvényes: <b>08.12.</b> csütörtöktől <b>08.18.</b> szerdáig.","csütörtöktől - szerdáig","slide_1","Kenhető keverék","https://www.aldi.hu/hu/ajanlatok/akciok-aldi-aron/reszletes-oldal/ps/p/milfinakenheto-keverk-7/","DRM_Asset:Aldi/badges/KW32_akcios_kinalat_badge_13.jpg","https://www.aldi.hu/fileadmin/fm-dam/products/2021/kw32/akcio/KW32_akcios_kinalat_nagy_13.jpg","1 796 Ft/kg","-200Ft","449","649Ft","Ft/tégely"," slide_2_stop","Füstölt, főtt tarja vagy csemege karaj","https://www.aldi.hu/hu/ajanlatok/akciok-aldi-aron/reszletes-oldal/ps/p/fuestoelt-fott-tarja-vagy-csemege-karaj-10/","DRM_Asset:Aldi/1x1.png","https://www.aldi.hu/fileadmin/fm-dam/products/2021/kw32/akcio/KW32_akcios_kinalat_nagy_12.jpg","3 158,33 / 3 790 Ft/kg","-50Ft","379","429Ft","Ft/csomag"," slide_3","https://www.aldi.hu/hu/ajanlatok/akciok-aldi-aron/","Ajánlatok megtekintése","DRM_Asset:Aldi/logo.svg","DRM_Asset:Aldi/logo_2.svg"
"HÚSMESTER Sertésoldalas - Baromfirúd","KW32_akcios_kinalat_nagy_35.jpg_KW32_akcios_kinalat_nagy_36.jpg_product","KW3","false","true","2021-08-15","2021-08-18","product","Érvényes: <b>08.15.</b> vasárnaptól <b>08.18.</b> szerdáig.","vasárnaptól - szerdáig","slide_1","Sertésoldalas","https://www.aldi.hu/hu/ajanlatok/akciok-aldi-aron/reszletes-oldal/ps/p/husmester-sertsoldalas/","DRM_Asset:Aldi/badges/KW32_akcios_kinalat_badge_35.jpg","https://www.aldi.hu/fileadmin/fm-dam/products/2021/kw32/akcio/KW32_akcios_kinalat_nagy_35.jpg","1 299 Ft/kg","-400Ft","1299","1699Ft","Ft/kg"," slide_2_stop","Baromfirúd","https://www.aldi.hu/hu/ajanlatok/akciok-aldi-aron/reszletes-oldal/ps/p/baromfirud-37/","DRM_Asset:Aldi/badges/KW32_akcios_kinalat_badge_36.jpg","https://www.aldi.hu/fileadmin/fm-dam/products/2021/kw32/akcio/KW32_akcios_kinalat_nagy_36.jpg","269 Ft/kg","-35<span style='font-size:14px'>%</span>","269","419Ft","Ft/darab"," slide_3","https://www.aldi.hu/hu/ajanlatok/akciok-aldi-aron/","Ajánlatok megtekintése","DRM_Asset:Aldi/logo.svg","DRM_Asset:Aldi/logo_2.svg"
"Baromfirúd - ALMARE SEAFOOD Füstölt szivárványos pisztrángfilé","KW32_akcios_kinalat_nagy_36.jpg_KW32_akcios_kinalat_nagy_37.jpg_product","KW3","false","true","2021-08-15","2021-08-18","product","Érvényes: <b>08.15.</b> vasárnaptól <b>08.18.</b> szerdáig.","vasárnaptól - szerdáig","slide_1","Baromfirúd","https://www.aldi.hu/hu/ajanlatok/akciok-aldi-aron/reszletes-oldal/ps/p/baromfirud-37/","DRM_Asset:Aldi/badges/KW32_akcios_kinalat_badge_36.jpg","https://www.aldi.hu/fileadmin/fm-dam/products/2021/kw32/akcio/KW32_akcios_kinalat_nagy_36.jpg","269 Ft/kg","-35<span style='font-size:14px'>%</span>","269","419Ft","Ft/darab"," slide_2_stop","Füstölt szivárványos pisztrángfilé","https://www.aldi.hu/hu/ajanlatok/akciok-aldi-aron/reszletes-oldal/ps/p/almare-seefood-fuestoelt-szivarvanyos-pisztrangfil/","DRM_Asset:Aldi/badges/KW32_akcios_kinalat_badge_37.jpg","https://www.aldi.hu/fileadmin/fm-dam/products/2021/kw32/akcio/KW32_akcios_kinalat_nagy_37.jpg","5 032 Ft/kg","-30<span style='font-size:14px'>%</span>","629","899Ft","Ft/csomag"," slide_3","https://www.aldi.hu/hu/ajanlatok/akciok-aldi-aron/","Ajánlatok megtekintése","DRM_Asset:Aldi/logo.svg","DRM_Asset:Aldi/logo_2.svg"
"ALMARE SEAFOOD Füstölt szivárványos pisztrángfilé - MILFINA Kenhető friss sajt","KW32_akcios_kinalat_nagy_37.jpg_KW32_akcios_kinalat_nagy_38.jpg_product","KW3","false","true","2021-08-15","2021-08-18","product","Érvényes: <b>08.15.</b> vasárnaptól <b>08.18.</b> szerdáig.","vasárnaptól - szerdáig","slide_1","Füstölt szivárványos pisztrángfilé","https://www.aldi.hu/hu/ajanlatok/akciok-aldi-aron/reszletes-oldal/ps/p/almare-seefood-fuestoelt-szivarvanyos-pisztrangfil/","DRM_Asset:Aldi/badges/KW32_akcios_kinalat_badge_37.jpg","https://www.aldi.hu/fileadmin/fm-dam/products/2021/kw32/akcio/KW32_akcios_kinalat_nagy_37.jpg","5 032 Ft/kg","-30<span style='font-size:14px'>%</span>","629","899Ft","Ft/csomag"," slide_2_stop","Kenhető friss sajt","https://www.aldi.hu/hu/ajanlatok/akciok-aldi-aron/reszletes-oldal/ps/p/milfina-kenheto-friss-sajt/","DRM_Asset:Aldi/badges/KW32_akcios_kinalat_badge_38.jpg","https://www.aldi.hu/fileadmin/fm-dam/products/2021/kw32/akcio/KW32_akcios_kinalat_nagy_38.jpg","1 393,33 Ft/kg","-16<span style='font-size:14px'>%</span>","209","249Ft","Ft/tégely"," slide_3","https://www.aldi.hu/hu/ajanlatok/akciok-aldi-aron/","Ajánlatok megtekintése","DRM_Asset:Aldi/logo.svg","DRM_Asset:Aldi/logo_2.svg"
"MILFINA Kenhető friss sajt - TIHANY Camembert","KW32_akcios_kinalat_nagy_38.jpg_KW32_akcios_kinalat_nagy_39_01.jpg_product","KW3","false","true","2021-08-15","2021-08-18","product","Érvényes: <b>08.15.</b> vasárnaptól <b>08.18.</b> szerdáig.","vasárnaptól - szerdáig","slide_1","Kenhető friss sajt","https://www.aldi.hu/hu/ajanlatok/akciok-aldi-aron/reszletes-oldal/ps/p/milfina-kenheto-friss-sajt/","DRM_Asset:Aldi/badges/KW32_akcios_kinalat_badge_38.jpg","https://www.aldi.hu/fileadmin/fm-dam/products/2021/kw32/akcio/KW32_akcios_kinalat_nagy_38.jpg","1 393,33 Ft/kg","-16<span style='font-size:14px'>%</span>","209","249Ft","Ft/tégely"," slide_2_stop","Camembert","https://www.aldi.hu/hu/ajanlatok/akciok-aldi-aron/reszletes-oldal/ps/p/tihany-camembert-1/","DRM_Asset:Aldi/badges/KW32_akcios_kinalat_badge_39.jpg","https://www.aldi.hu/fileadmin/fm-dam/products/2021/kw32/akcio/KW32_akcios_kinalat_nagy_39_01.jpg","2 708,33 Ft/kg","-27<span style='font-size:14px'>%</span>","325","449Ft","Ft/darab"," slide_3","https://www.aldi.hu/hu/ajanlatok/akciok-aldi-aron/","Ajánlatok megtekintése","DRM_Asset:Aldi/logo.svg","DRM_Asset:Aldi/logo_2.svg"
"TIHANY Camembert - DANONE Activia joghurt","KW32_akcios_kinalat_nagy_39_01.jpg_KW32_akcios_kinalat_nagy_40.jpg_product","KW3","false","true","2021-08-15","2021-08-18","product","Érvényes: <b>08.15.</b> vasárnaptól <b>08.18.</b> szerdáig.","vasárnaptól - szerdáig","slide_1","Camembert","https://www.aldi.hu/hu/ajanlatok/akciok-aldi-aron/reszletes-oldal/ps/p/tihany-camembert-1/","DRM_Asset:Aldi/badges/KW32_akcios_kinalat_badge_39.jpg","https://www.aldi.hu/fileadmin/fm-dam/products/2021/kw32/akcio/KW32_akcios_kinalat_nagy_39_01.jpg","2 708,33 Ft/kg","-27<span style='font-size:14px'>%</span>","325","449Ft","Ft/darab"," slide_2_stop","Activia joghurt","https://www.aldi.hu/hu/ajanlatok/akciok-aldi-aron/reszletes-oldal/ps/p/danone-activia-joghurt-24/","DRM_Asset:Aldi/badges/KW32_akcios_kinalat_badge_40.jpg","https://www.aldi.hu/fileadmin/fm-dam/products/2021/kw32/akcio/KW32_akcios_kinalat_nagy_40.jpg","898 Ft/kg","-50Ft","449","499Ft","Ft/csomag"," slide_3","https://www.aldi.hu/hu/ajanlatok/akciok-aldi-aron/","Ajánlatok megtekintése","DRM_Asset:Aldi/logo.svg","DRM_Asset:Aldi/logo_2.svg"
"DANONE Activia joghurt - FINEST BAKERY Reggelizőkeksz","KW32_akcios_kinalat_nagy_40.jpg_KW32_akcios_kinalat_nagy_41.jpg_product","KW3","false","true","2021-08-15","2021-08-18","product","Érvényes: <b>08.15.</b> vasárnaptól <b>08.18.</b> szerdáig.","vasárnaptól - szerdáig","slide_1","Activia joghurt","https://www.aldi.hu/hu/ajanlatok/akciok-aldi-aron/reszletes-oldal/ps/p/danone-activia-joghurt-24/","DRM_Asset:Aldi/badges/KW32_akcios_kinalat_badge_40.jpg","https://www.aldi.hu/fileadmin/fm-dam/products/2021/kw32/akcio/KW32_akcios_kinalat_nagy_40.jpg","898 Ft/kg","-50Ft","449","499Ft","Ft/csomag"," slide_2_stop","Reggelizőkeksz","https://www.aldi.hu/hu/ajanlatok/akciok-aldi-aron/reszletes-oldal/ps/p/finest-bakery-reggelizokeksz-5/","DRM_Asset:Aldi/badges/KW32_akcios_kinalat_badge_41.jpg","https://www.aldi.hu/fileadmin/fm-dam/products/2021/kw32/akcio/KW32_akcios_kinalat_nagy_41.jpg","1 130 Ft/kg","-27<span style='font-size:14px'>%</span>","339","469Ft","Ft/doboz"," slide_3","https://www.aldi.hu/hu/ajanlatok/akciok-aldi-aron/","Ajánlatok megtekintése","DRM_Asset:Aldi/logo.svg","DRM_Asset:Aldi/logo_2.svg"
"FINEST BAKERY Reggelizőkeksz - KINDER Csokoládé","KW32_akcios_kinalat_nagy_41.jpg_KW32_akcios_kinalat_nagy_42.jpg_product","KW3","false","true","2021-08-15","2021-08-18","product","Érvényes: <b>08.15.</b> vasárnaptól <b>08.18.</b> szerdáig.","vasárnaptól - szerdáig","slide_1","Reggelizőkeksz","https://www.aldi.hu/hu/ajanlatok/akciok-aldi-aron/reszletes-oldal/ps/p/finest-bakery-reggelizokeksz-5/","DRM_Asset:Aldi/badges/KW32_akcios_kinalat_badge_41.jpg","https://www.aldi.hu/fileadmin/fm-dam/products/2021/kw32/akcio/KW32_akcios_kinalat_nagy_41.jpg","1 130 Ft/kg","-27<span style='font-size:14px'>%</span>","339","469Ft","Ft/doboz"," slide_2_stop","Csokoládé","https://www.aldi.hu/hu/ajanlatok/akciok-aldi-aron/reszletes-oldal/ps/p/kinder-csokolad-22/","DRM_Asset:Aldi/badges/KW32_akcios_kinalat_badge_42.jpg","https://www.aldi.hu/fileadmin/fm-dam/products/2021/kw32/akcio/KW32_akcios_kinalat_nagy_42.jpg","3 180 Ft/kg","-23<span style='font-size:14px'>%</span>","159","209Ft","Ft/doboz"," slide_3","https://www.aldi.hu/hu/ajanlatok/akciok-aldi-aron/","Ajánlatok megtekintése","DRM_Asset:Aldi/logo.svg","DRM_Asset:Aldi/logo_2.svg"
"KINDER Csokoládé - CUCINA NOBILE - ENJOY FREE! Zöldségtészta","KW32_akcios_kinalat_nagy_42.jpg_KW32_akcios_kinalat_nagy_43.jpg_product","KW3","false","true","2021-08-15","2021-08-18","product","Érvényes: <b>08.15.</b> vasárnaptól <b>08.18.</b> szerdáig.","vasárnaptól - szerdáig","slide_1","Csokoládé","https://www.aldi.hu/hu/ajanlatok/akciok-aldi-aron/reszletes-oldal/ps/p/kinder-csokolad-22/","DRM_Asset:Aldi/badges/KW32_akcios_kinalat_badge_42.jpg","https://www.aldi.hu/fileadmin/fm-dam/products/2021/kw32/akcio/KW32_akcios_kinalat_nagy_42.jpg","3 180 Ft/kg","-23<span style='font-size:14px'>%</span>","159","209Ft","Ft/doboz"," slide_2_stop","Zöldségtészta","https://www.aldi.hu/hu/ajanlatok/akciok-aldi-aron/reszletes-oldal/ps/p/cucina-nobile-zoeldsgtszta/","DRM_Asset:Aldi/badges/KW32_akcios_kinalat_badge_43.jpg","https://www.aldi.hu/fileadmin/fm-dam/products/2021/kw32/akcio/KW32_akcios_kinalat_nagy_43.jpg","1 398 Ft/kg","-300Ft","699","999Ft","Ft/csomag"," slide_3","https://www.aldi.hu/hu/ajanlatok/akciok-aldi-aron/","Ajánlatok megtekintése","DRM_Asset:Aldi/logo.svg","DRM_Asset:Aldi/logo_2.svg"
"CUCINA NOBILE - ENJOY FREE! Zöldségtészta - BON-RI Kerekszemű rizs","KW32_akcios_kinalat_nagy_43.jpg_KW32_akcios_kinalat_nagy_44.jpg_product","KW3","false","true","2021-08-15","2021-08-18","product","Érvényes: <b>08.15.</b> vasárnaptól <b>08.18.</b> szerdáig.","vasárnaptól - szerdáig","slide_1","Zöldségtészta","https://www.aldi.hu/hu/ajanlatok/akciok-aldi-aron/reszletes-oldal/ps/p/cucina-nobile-zoeldsgtszta/","DRM_Asset:Aldi/badges/KW32_akcios_kinalat_badge_43.jpg","https://www.aldi.hu/fileadmin/fm-dam/products/2021/kw32/akcio/KW32_akcios_kinalat_nagy_43.jpg","1 398 Ft/kg","-300Ft","699","999Ft","Ft/csomag"," slide_2_stop","Kerekszemű rizs","https://www.aldi.hu/hu/ajanlatok/akciok-aldi-aron/reszletes-oldal/ps/p/bon-rikerekszemu-rizs-1/","DRM_Asset:Aldi/badges/KW32_akcios_kinalat_badge_44.jpg","https://www.aldi.hu/fileadmin/fm-dam/products/2021/kw32/akcio/KW32_akcios_kinalat_nagy_44.jpg","398 Ft/kg","-100Ft","199","299Ft","Ft/csomag"," slide_3","https://www.aldi.hu/hu/ajanlatok/akciok-aldi-aron/","Ajánlatok megtekintése","DRM_Asset:Aldi/logo.svg","DRM_Asset:Aldi/logo_2.svg"
"BON-RI Kerekszemű rizs - LE GUSTO Instant leves","KW32_akcios_kinalat_nagy_44.jpg_KW32_akcios_kinalat_nagy_45.jpg_product","KW3","false","true","2021-08-15","2021-08-18","product","Érvényes: <b>08.15.</b> vasárnaptól <b>08.18.</b> szerdáig.","vasárnaptól - szerdáig","slide_1","Kerekszemű rizs","https://www.aldi.hu/hu/ajanlatok/akciok-aldi-aron/reszletes-oldal/ps/p/bon-rikerekszemu-rizs-1/","DRM_Asset:Aldi/badges/KW32_akcios_kinalat_badge_44.jpg","https://www.aldi.hu/fileadmin/fm-dam/products/2021/kw32/akcio/KW32_akcios_kinalat_nagy_44.jpg","398 Ft/kg","-100Ft","199","299Ft","Ft/csomag"," slide_2_stop","Instant leves","https://www.aldi.hu/hu/ajanlatok/akciok-aldi-aron/reszletes-oldal/ps/p/le-gusto-instant-leves-5/","DRM_Asset:Aldi/badges/KW32_akcios_kinalat_badge_45.jpg","https://www.aldi.hu/fileadmin/fm-dam/products/2021/kw32/akcio/KW32_akcios_kinalat_nagy_45.jpg","2 449,28 / 2<br/> 964,91 / 3<br/> 129,63 / 3<br/> 520,83 / 3<br/> 755,56 / 4 333,33 Ft/kg","-32<span style='font-size:14px'>%</span>","169","249Ft","Ft/doboz"," slide_3","https://www.aldi.hu/hu/ajanlatok/akciok-aldi-aron/","Ajánlatok megtekintése","DRM_Asset:Aldi/logo.svg","DRM_Asset:Aldi/logo_2.svg"
"LE GUSTO Instant leves - AZON MELEGÉBEN Zsíros cipó","KW32_akcios_kinalat_nagy_45.jpg_KW32_akcios_kinalat_nagy_46.jpg_product","KW3","false","true","2021-08-15","2021-08-18","product","Érvényes: <b>08.15.</b> vasárnaptól <b>08.18.</b> szerdáig.","vasárnaptól - szerdáig","slide_1","Instant leves","https://www.aldi.hu/hu/ajanlatok/akciok-aldi-aron/reszletes-oldal/ps/p/le-gusto-instant-leves-5/","DRM_Asset:Aldi/badges/KW32_akcios_kinalat_badge_45.jpg","https://www.aldi.hu/fileadmin/fm-dam/products/2021/kw32/akcio/KW32_akcios_kinalat_nagy_45.jpg","2 449,28 / 2<br/> 964,91 / 3<br/> 129,63 / 3<br/> 520,83 / 3<br/> 755,56 / 4 333,33 Ft/kg","-32<span style='font-size:14px'>%</span>","169","249Ft","Ft/doboz"," slide_2_stop","Zsíros cipó","https://www.aldi.hu/hu/ajanlatok/akciok-aldi-aron/reszletes-oldal/ps/p/azon-melegben-zsiros-cipo-4/","DRM_Asset:Aldi/badges/KW32_akcios_kinalat_badge_46.jpg","https://www.aldi.hu/fileadmin/fm-dam/products/2021/kw32/akcio/KW32_akcios_kinalat_nagy_46.jpg","397,50 Ft/kg","-36<span style='font-size:14px'>%</span>","159","249Ft","Ft/darab"," slide_3","https://www.aldi.hu/hu/ajanlatok/akciok-aldi-aron/","Ajánlatok megtekintése","DRM_Asset:Aldi/logo.svg","DRM_Asset:Aldi/logo_2.svg"
"AZON MELEGÉBEN Zsíros cipó - AZON MELEGÉBEN Túrós táska","KW32_akcios_kinalat_nagy_46.jpg_KW32_akcios_kinalat_nagy_47.jpg_product","KW3","false","true","2021-08-15","2021-08-18","product","Érvényes: <b>08.15.</b> vasárnaptól <b>08.18.</b> szerdáig.","vasárnaptól - szerdáig","slide_1","Zsíros cipó","https://www.aldi.hu/hu/ajanlatok/akciok-aldi-aron/reszletes-oldal/ps/p/azon-melegben-zsiros-cipo-4/","DRM_Asset:Aldi/badges/KW32_akcios_kinalat_badge_46.jpg","https://www.aldi.hu/fileadmin/fm-dam/products/2021/kw32/akcio/KW32_akcios_kinalat_nagy_46.jpg","397,50 Ft/kg","-36<span style='font-size:14px'>%</span>","159","249Ft","Ft/darab"," slide_2_stop","Túrós táska","https://www.aldi.hu/hu/ajanlatok/akciok-aldi-aron/reszletes-oldal/ps/p/azon-melegben-turos-taska-8/","DRM_Asset:Aldi/badges/KW32_akcios_kinalat_badge_47.jpg","https://www.aldi.hu/fileadmin/fm-dam/products/2021/kw32/akcio/KW32_akcios_kinalat_nagy_47.jpg","726,32 Ft/kg","-30<span style='font-size:14px'>%</span>","69","99Ft","Ft/darab"," slide_3","https://www.aldi.hu/hu/ajanlatok/akciok-aldi-aron/","Ajánlatok megtekintése","DRM_Asset:Aldi/logo.svg","DRM_Asset:Aldi/logo_2.svg"
"AZON MELEGÉBEN Túrós táska - KAZNACHEYSKAYA Eredeti orosz vodka","KW32_akcios_kinalat_nagy_47.jpg_KW32_akcios_kinalat_nagy_48.jpg_product","KW3","false","true","2021-08-15","2021-08-18","product","Érvényes: <b>08.15.</b> vasárnaptól <b>08.18.</b> szerdáig.","vasárnaptól - szerdáig","slide_1","Túrós táska","https://www.aldi.hu/hu/ajanlatok/akciok-aldi-aron/reszletes-oldal/ps/p/azon-melegben-turos-taska-8/","DRM_Asset:Aldi/badges/KW32_akcios_kinalat_badge_47.jpg","https://www.aldi.hu/fileadmin/fm-dam/products/2021/kw32/akcio/KW32_akcios_kinalat_nagy_47.jpg","726,32 Ft/kg","-30<span style='font-size:14px'>%</span>","69","99Ft","Ft/darab"," slide_2_stop","Eredeti orosz vodka","https://www.aldi.hu/hu/ajanlatok/akciok-aldi-aron/reszletes-oldal/ps/p/kaznacheyskayaeredeti-orosz-vodka-7/","DRM_Asset:Aldi/badges/KW32_akcios_kinalat_badge_48.jpg","https://www.aldi.hu/fileadmin/fm-dam/products/2021/kw32/akcio/KW32_akcios_kinalat_nagy_48.jpg","3 712,86 Ft/l","-700Ft","2599","3299Ft","Ft/üveg"," slide_3","https://www.aldi.hu/hu/ajanlatok/akciok-aldi-aron/","Ajánlatok megtekintése","DRM_Asset:Aldi/logo.svg","DRM_Asset:Aldi/logo_2.svg"
"KAZNACHEYSKAYA Eredeti orosz vodka - NATURE'S GOLD Pfefferoni","KW32_akcios_kinalat_nagy_48.jpg_KW32_akcios_kinalat_nagy_49.jpg_product","KW3","false","true","2021-08-15","2021-08-18","product","Érvényes: <b>08.15.</b> vasárnaptól <b>08.18.</b> szerdáig.","vasárnaptól - szerdáig","slide_1","Eredeti orosz vodka","https://www.aldi.hu/hu/ajanlatok/akciok-aldi-aron/reszletes-oldal/ps/p/kaznacheyskayaeredeti-orosz-vodka-7/","DRM_Asset:Aldi/badges/KW32_akcios_kinalat_badge_48.jpg","https://www.aldi.hu/fileadmin/fm-dam/products/2021/kw32/akcio/KW32_akcios_kinalat_nagy_48.jpg","3 712,86 Ft/l","-700Ft","2599","3299Ft","Ft/üveg"," slide_2_stop","Pfefferoni","https://www.aldi.hu/hu/ajanlatok/akciok-aldi-aron/reszletes-oldal/ps/p/natures-gold-pfefferoni-2/","DRM_Asset:Aldi/badges/KW32_akcios_kinalat_badge_49.jpg","https://www.aldi.hu/fileadmin/fm-dam/products/2021/kw32/akcio/KW32_akcios_kinalat_nagy_49.jpg","1 425 Ft/kg (töltőtömeg)","-100Ft","399","499Ft","Ft/üveg"," slide_3","https://www.aldi.hu/hu/ajanlatok/akciok-aldi-aron/","Ajánlatok megtekintése","DRM_Asset:Aldi/logo.svg","DRM_Asset:Aldi/logo_2.svg"
"NATURE'S GOLD Pfefferoni - SNACK FUN Sós pálcika vagy sós perec","KW32_akcios_kinalat_nagy_49.jpg_KW32_akcios_kinalat_nagy_50.jpg_product","KW3","false","true","2021-08-15","2021-08-18","product","Érvényes: <b>08.15.</b> vasárnaptól <b>08.18.</b> szerdáig.","vasárnaptól - szerdáig","slide_1","Pfefferoni","https://www.aldi.hu/hu/ajanlatok/akciok-aldi-aron/reszletes-oldal/ps/p/natures-gold-pfefferoni-2/","DRM_Asset:Aldi/badges/KW32_akcios_kinalat_badge_49.jpg","https://www.aldi.hu/fileadmin/fm-dam/products/2021/kw32/akcio/KW32_akcios_kinalat_nagy_49.jpg","1 425 Ft/kg (töltőtömeg)","-100Ft","399","499Ft","Ft/üveg"," slide_2_stop","Sós pálcika vagy sós perec","https://www.aldi.hu/hu/ajanlatok/akciok-aldi-aron/reszletes-oldal/ps/p/snack-fun-sos-palcika-vagy-sos-perec-20/","DRM_Asset:Aldi/badges/KW32_akcios_kinalat_badge_50.jpg","https://www.aldi.hu/fileadmin/fm-dam/products/2021/kw32/akcio/KW32_akcios_kinalat_nagy_50.jpg","1 122,50 Ft/kg","-15<span style='font-size:14px'>%</span>","449","529Ft","Ft/csomag"," slide_3","https://www.aldi.hu/hu/ajanlatok/akciok-aldi-aron/","Ajánlatok megtekintése","DRM_Asset:Aldi/logo.svg","DRM_Asset:Aldi/logo_2.svg"
"SNACK FUN Sós pálcika vagy sós perec - PRIMANA Lencsés egytálétel","KW32_akcios_kinalat_nagy_50.jpg_KW32_akcios_kinalat_nagy_52.jpg_product","KW3","false","true","2021-08-15","2021-08-18","product","Érvényes: <b>08.15.</b> vasárnaptól <b>08.18.</b> szerdáig.","vasárnaptól - szerdáig","slide_1","Sós pálcika vagy sós perec","https://www.aldi.hu/hu/ajanlatok/akciok-aldi-aron/reszletes-oldal/ps/p/snack-fun-sos-palcika-vagy-sos-perec-20/","DRM_Asset:Aldi/badges/KW32_akcios_kinalat_badge_50.jpg","https://www.aldi.hu/fileadmin/fm-dam/products/2021/kw32/akcio/KW32_akcios_kinalat_nagy_50.jpg","1 122,50 Ft/kg","-15<span style='font-size:14px'>%</span>","449","529Ft","Ft/csomag"," slide_2_stop","Lencsés egytálétel","https://www.aldi.hu/hu/ajanlatok/akciok-aldi-aron/reszletes-oldal/ps/p/primana-lencss-egytaltel-10/","DRM_Asset:Aldi/badges/KW32_akcios_kinalat_badge_52.jpg","https://www.aldi.hu/fileadmin/fm-dam/products/2021/kw32/akcio/KW32_akcios_kinalat_nagy_52.jpg","623,75 Ft/kg","-200Ft","499","699Ft","Ft/doboz"," slide_3","https://www.aldi.hu/hu/ajanlatok/akciok-aldi-aron/","Ajánlatok megtekintése","DRM_Asset:Aldi/logo.svg","DRM_Asset:Aldi/logo_2.svg"
"PRIMANA Lencsés egytálétel - NATURE'S GOLD Vörösbab","KW32_akcios_kinalat_nagy_52.jpg_KW32_akcios_kinalat_nagy_53.jpg_product","KW3","false","true","2021-08-15","2021-08-18","product","Érvényes: <b>08.15.</b> vasárnaptól <b>08.18.</b> szerdáig.","vasárnaptól - szerdáig","slide_1","Lencsés egytálétel","https://www.aldi.hu/hu/ajanlatok/akciok-aldi-aron/reszletes-oldal/ps/p/primana-lencss-egytaltel-10/","DRM_Asset:Aldi/badges/KW32_akcios_kinalat_badge_52.jpg","https://www.aldi.hu/fileadmin/fm-dam/products/2021/kw32/akcio/KW32_akcios_kinalat_nagy_52.jpg","623,75 Ft/kg","-200Ft","499","699Ft","Ft/doboz"," slide_2_stop","Vörösbab","https://www.aldi.hu/hu/ajanlatok/akciok-aldi-aron/reszletes-oldal/ps/p/natures-gold-voeroesbab/","DRM_Asset:Aldi/badges/KW32_akcios_kinalat_badge_53.jpg","https://www.aldi.hu/fileadmin/fm-dam/products/2021/kw32/akcio/KW32_akcios_kinalat_nagy_53.jpg","662,75 Ft/kg (töltőtömeg)","-15<span style='font-size:14px'>%</span>","169","199Ft","Ft/doboz"," slide_3","https://www.aldi.hu/hu/ajanlatok/akciok-aldi-aron/","Ajánlatok megtekintése","DRM_Asset:Aldi/logo.svg","DRM_Asset:Aldi/logo_2.svg"
"NATURE'S GOLD Vörösbab - AMAROY Espresso Classico vagy Grande Selezione vagy Crema szemes kávé","KW32_akcios_kinalat_nagy_53.jpg_KW32_akcios_kinalat_nagy_54.jpg_product","KW3","false","true","2021-08-15","2021-08-18","product","Érvényes: <b>08.15.</b> vasárnaptól <b>08.18.</b> szerdáig.","vasárnaptól - szerdáig","slide_1","Vörösbab","https://www.aldi.hu/hu/ajanlatok/akciok-aldi-aron/reszletes-oldal/ps/p/natures-gold-voeroesbab/","DRM_Asset:Aldi/badges/KW32_akcios_kinalat_badge_53.jpg","https://www.aldi.hu/fileadmin/fm-dam/products/2021/kw32/akcio/KW32_akcios_kinalat_nagy_53.jpg","662,75 Ft/kg (töltőtömeg)","-15<span style='font-size:14px'>%</span>","169","199Ft","Ft/doboz"," slide_2_stop","Espresso Classico vagy Grande Selezione vagy Crema szemes kávé","https://www.aldi.hu/hu/ajanlatok/akciok-aldi-aron/reszletes-oldal/ps/p/amaroy-espresso-classico-vagy-grande-selezione-vag/","DRM_Asset:Aldi/badges/KW32_akcios_kinalat_badge_54.jpg","https://www.aldi.hu/fileadmin/fm-dam/products/2021/kw32/akcio/KW32_akcios_kinalat_nagy_54.jpg","2 198 Ft/kg","-150Ft","1099","1249Ft","Ft/csomag"," slide_3","https://www.aldi.hu/hu/ajanlatok/akciok-aldi-aron/","Ajánlatok megtekintése","DRM_Asset:Aldi/logo.svg","DRM_Asset:Aldi/logo_2.svg"
"AMAROY Espresso Classico vagy Grande Selezione vagy Crema szemes kávé - SWEET VALLEY Szeletelt ananász","KW32_akcios_kinalat_nagy_54.jpg_KW32_akcios_kinalat_nagy_55.jpg_product","KW3","false","true","2021-08-15","2021-08-18","product","Érvényes: <b>08.15.</b> vasárnaptól <b>08.18.</b> szerdáig.","vasárnaptól - szerdáig","slide_1","Espresso Classico vagy Grande Selezione vagy Crema szemes kávé","https://www.aldi.hu/hu/ajanlatok/akciok-aldi-aron/reszletes-oldal/ps/p/amaroy-espresso-classico-vagy-grande-selezione-vag/","DRM_Asset:Aldi/badges/KW32_akcios_kinalat_badge_54.jpg","https://www.aldi.hu/fileadmin/fm-dam/products/2021/kw32/akcio/KW32_akcios_kinalat_nagy_54.jpg","2 198 Ft/kg","-150Ft","1099","1249Ft","Ft/csomag"," slide_2_stop","Szeletelt ananász","https://www.aldi.hu/hu/ajanlatok/akciok-aldi-aron/reszletes-oldal/ps/p/sweet-valley-szeletelt-ananasz-3/","DRM_Asset:Aldi/badges/KW32_akcios_kinalat_badge_55.jpg","https://www.aldi.hu/fileadmin/fm-dam/products/2021/kw32/akcio/KW32_akcios_kinalat_nagy_55.jpg","1 467,65 Ft/kg (töltőtömeg)","-100Ft","499","599Ft","Ft/doboz"," slide_3","https://www.aldi.hu/hu/ajanlatok/akciok-aldi-aron/","Ajánlatok megtekintése","DRM_Asset:Aldi/logo.svg","DRM_Asset:Aldi/logo_2.svg"
"SWEET VALLEY Szeletelt ananász - LISTERINE Szájvíz","KW32_akcios_kinalat_nagy_55.jpg_KW32_akcios_kinalat_nagy_56.jpg_product","KW3","false","true","2021-08-15","2021-08-18","product","Érvényes: <b>08.15.</b> vasárnaptól <b>08.18.</b> szerdáig.","vasárnaptól - szerdáig","slide_1","Szeletelt ananász","https://www.aldi.hu/hu/ajanlatok/akciok-aldi-aron/reszletes-oldal/ps/p/sweet-valley-szeletelt-ananasz-3/","DRM_Asset:Aldi/badges/KW32_akcios_kinalat_badge_55.jpg","https://www.aldi.hu/fileadmin/fm-dam/products/2021/kw32/akcio/KW32_akcios_kinalat_nagy_55.jpg","1 467,65 Ft/kg (töltőtömeg)","-100Ft","499","599Ft","Ft/doboz"," slide_2_stop","Szájvíz","https://www.aldi.hu/hu/ajanlatok/akciok-aldi-aron/reszletes-oldal/ps/p/listerine-szajviz-8/","DRM_Asset:Aldi/badges/KW32_akcios_kinalat_badge_56.jpg","https://www.aldi.hu/fileadmin/fm-dam/products/2021/kw32/akcio/KW32_akcios_kinalat_nagy_56.jpg","2 098 Ft/l","-25<span style='font-size:14px'>%</span>","1049","1399Ft","Ft/flakon"," slide_3","https://www.aldi.hu/hu/ajanlatok/akciok-aldi-aron/","Ajánlatok megtekintése","DRM_Asset:Aldi/logo.svg","DRM_Asset:Aldi/logo_2.svg"
"LISTERINE Szájvíz - TANDIL Mosogatógéptisztító- és -ápolószer","KW32_akcios_kinalat_nagy_56.jpg_KW32_akcios_kinalat_nagy_57.jpg_product","KW3","false","true","2021-08-15","2021-08-18","product","Érvényes: <b>08.15.</b> vasárnaptól <b>08.18.</b> szerdáig.","vasárnaptól - szerdáig","slide_1","Szájvíz","https://www.aldi.hu/hu/ajanlatok/akciok-aldi-aron/reszletes-oldal/ps/p/listerine-szajviz-8/","DRM_Asset:Aldi/badges/KW32_akcios_kinalat_badge_56.jpg","https://www.aldi.hu/fileadmin/fm-dam/products/2021/kw32/akcio/KW32_akcios_kinalat_nagy_56.jpg","2 098 Ft/l","-25<span style='font-size:14px'>%</span>","1049","1399Ft","Ft/flakon"," slide_2_stop","Mosogatógéptisztító- és -ápolószer","https://www.aldi.hu/hu/ajanlatok/akciok-aldi-aron/reszletes-oldal/ps/p/tandil-mosogatogptisztito-s-apoloszer/","DRM_Asset:Aldi/badges/KW32_akcios_kinalat_badge_57.jpg","https://www.aldi.hu/fileadmin/fm-dam/products/2021/kw32/akcio/KW32_akcios_kinalat_nagy_57.jpg","898 Ft/l","-25<span style='font-size:14px'>%</span>","449","599Ft","Ft/csomag"," slide_3","https://www.aldi.hu/hu/ajanlatok/akciok-aldi-aron/","Ajánlatok megtekintése","DRM_Asset:Aldi/logo.svg","DRM_Asset:Aldi/logo_2.svg"
"TANDIL Mosogatógéptisztító- és -ápolószer - LISTERINE Szájvíz","KW32_akcios_kinalat_nagy_57.jpg_KW32_akcios_kinalat_nagy_56.jpg_product","KW3","false","true","2021-08-15","2021-08-18","product","Érvényes: <b>08.15.</b> vasárnaptól <b>08.18.</b> szerdáig.","vasárnaptól - szerdáig","slide_1","Mosogatógéptisztító- és -ápolószer","https://www.aldi.hu/hu/ajanlatok/akciok-aldi-aron/reszletes-oldal/ps/p/tandil-mosogatogptisztito-s-apoloszer/","DRM_Asset:Aldi/badges/KW32_akcios_kinalat_badge_57.jpg","https://www.aldi.hu/fileadmin/fm-dam/products/2021/kw32/akcio/KW32_akcios_kinalat_nagy_57.jpg","898 Ft/l","-25<span style='font-size:14px'>%</span>","449","599Ft","Ft/csomag"," slide_2_stop","Szájvíz","https://www.aldi.hu/hu/ajanlatok/akciok-aldi-aron/reszletes-oldal/ps/p/listerine-szajviz-8/","DRM_Asset:Aldi/badges/KW32_akcios_kinalat_badge_56.jpg","https://www.aldi.hu/fileadmin/fm-dam/products/2021/kw32/akcio/KW32_akcios_kinalat_nagy_56.jpg","2 098 Ft/l","-25<span style='font-size:14px'>%</span>","1049","1399Ft","Ft/flakon"," slide_3","https://www.aldi.hu/hu/ajanlatok/akciok-aldi-aron/","Ajánlatok megtekintése","DRM_Asset:Aldi/logo.svg","DRM_Asset:Aldi/logo_2.svg"
"Gyulai vagy csabai szárazkolbász - MILFINA - ENJOY FREE! Laktózmentes ESL tej","KW32_akcios_kinalat_nagy_01.jpg_KW32_akcios_kinalat_nagy_02.jpg_packshot","KW3","false","true","2021-08-12","2021-08-18","packshot","Érvényes: <b>08.12.</b> csütörtöktől <b>08.18.</b> szerdáig.","csütörtöktől - szerdáig","slide_1","Gyulai vagy csabai szárazkolbász","https://www.aldi.hu/hu/ajanlatok/akciok-aldi-aron/reszletes-oldal/ps/p/gyulai-vagy-csabai-szarazkolbasz-8/","DRM_Asset:Aldi/1x1.png","https://www.aldi.hu/fileadmin/fm-dam/products/2021/kw32/akcio/KW32_akcios_kinalat_nagy_01.jpg","2 556 Ft/kg","-25<span style='font-size:14px'>%</span>","639","859Ft","Ft/csomag"," slide_2","Laktózmentes tej","https://www.aldi.hu/hu/ajanlatok/akciok-aldi-aron/reszletes-oldal/ps/p/milfinalaktozmentes-esl-tej/","DRM_Asset:Aldi/badges/KW32_akcios_kinalat_badge_02.jpg","https://www.aldi.hu/fileadmin/fm-dam/products/2021/kw32/akcio/KW32_akcios_kinalat_nagy_02.jpg","225 Ft/l","-35<span style='font-size:14px'>%</span>","225","349Ft","Ft/doboz"," slide_3_stop","https://www.aldi.hu/hu/ajanlatok/akciok-aldi-aron/","Ajánlatok megtekintése","DRM_Asset:Aldi/logo.svg","DRM_Asset:Aldi/logo_2.svg"
"MILFINA - ENJOY FREE! Laktózmentes ESL tej - HAPPY FRUITS Meggynektár","KW32_akcios_kinalat_nagy_02.jpg_KW32_akcios_kinalat_nagy_03.jpg_packshot","KW3","false","true","2021-08-12","2021-08-18","packshot","Érvényes: <b>08.12.</b> csütörtöktől <b>08.18.</b> szerdáig.","csütörtöktől - szerdáig","slide_1","Laktózmentes tej","https://www.aldi.hu/hu/ajanlatok/akciok-aldi-aron/reszletes-oldal/ps/p/milfinalaktozmentes-esl-tej/","DRM_Asset:Aldi/badges/KW32_akcios_kinalat_badge_02.jpg","https://www.aldi.hu/fileadmin/fm-dam/products/2021/kw32/akcio/KW32_akcios_kinalat_nagy_02.jpg","225 Ft/l","-35<span style='font-size:14px'>%</span>","225","349Ft","Ft/doboz"," slide_2","Meggynektár","https://www.aldi.hu/hu/ajanlatok/akciok-aldi-aron/reszletes-oldal/ps/p/happy-fruitsmeggynektar-20/","DRM_Asset:Aldi/badges/KW32_akcios_kinalat_badge_03.jpg","https://www.aldi.hu/fileadmin/fm-dam/products/2021/kw32/akcio/KW32_akcios_kinalat_nagy_03.jpg","309 Ft/l","-22<span style='font-size:14px'>%</span>","309","399Ft","Ft/doboz"," slide_3_stop","https://www.aldi.hu/hu/ajanlatok/akciok-aldi-aron/","Ajánlatok megtekintése","DRM_Asset:Aldi/logo.svg","DRM_Asset:Aldi/logo_2.svg"
"HAPPY FRUITS Meggynektár - NATURE'S GOLD Franciasaláta- vagy mexikói zöldségkeverék","KW32_akcios_kinalat_nagy_03.jpg_KW32_akcios_kinalat_nagy_04.jpg_packshot","KW3","false","true","2021-08-12","2021-08-18","packshot","Érvényes: <b>08.12.</b> csütörtöktől <b>08.18.</b> szerdáig.","csütörtöktől - szerdáig","slide_1","Meggynektár","https://www.aldi.hu/hu/ajanlatok/akciok-aldi-aron/reszletes-oldal/ps/p/happy-fruitsmeggynektar-20/","DRM_Asset:Aldi/badges/KW32_akcios_kinalat_badge_03.jpg","https://www.aldi.hu/fileadmin/fm-dam/products/2021/kw32/akcio/KW32_akcios_kinalat_nagy_03.jpg","309 Ft/l","-22<span style='font-size:14px'>%</span>","309","399Ft","Ft/doboz"," slide_2","Franciasaláta- vagy mexikói zöldségkeverék","https://www.aldi.hu/hu/ajanlatok/akciok-aldi-aron/reszletes-oldal/ps/p/natures-goldfranciasalata-vagy-mexikoi-zoeldsgkeve-3/","DRM_Asset:Aldi/badges/KW32_akcios_kinalat_badge_04.jpg","https://www.aldi.hu/fileadmin/fm-dam/products/2021/kw32/akcio/KW32_akcios_kinalat_nagy_04.jpg","329 Ft/kg","-31<span style='font-size:14px'>%</span>","329","479Ft","Ft/csomag"," slide_3_stop","https://www.aldi.hu/hu/ajanlatok/akciok-aldi-aron/","Ajánlatok megtekintése","DRM_Asset:Aldi/logo.svg","DRM_Asset:Aldi/logo_2.svg"
"NATURE'S GOLD Franciasaláta- vagy mexikói zöldségkeverék - HÚSMESTER Grillcsirke","KW32_akcios_kinalat_nagy_04.jpg_KW32_akcios_kinalat_nagy_06.jpg_packshot","KW3","false","true","2021-08-12","2021-08-18","packshot","Érvényes: <b>08.12.</b> csütörtöktől <b>08.18.</b> szerdáig.","csütörtöktől - szerdáig","slide_1","Franciasaláta- vagy mexikói zöldségkeverék","https://www.aldi.hu/hu/ajanlatok/akciok-aldi-aron/reszletes-oldal/ps/p/natures-goldfranciasalata-vagy-mexikoi-zoeldsgkeve-3/","DRM_Asset:Aldi/badges/KW32_akcios_kinalat_badge_04.jpg","https://www.aldi.hu/fileadmin/fm-dam/products/2021/kw32/akcio/KW32_akcios_kinalat_nagy_04.jpg","329 Ft/kg","-31<span style='font-size:14px'>%</span>","329","479Ft","Ft/csomag"," slide_2","Grillcsirke","https://www.aldi.hu/hu/ajanlatok/akciok-aldi-aron/reszletes-oldal/ps/p/husmestergrillcsirke-10/","DRM_Asset:Aldi/badges/KW32_akcios_kinalat_badge_06.jpg","https://www.aldi.hu/fileadmin/fm-dam/products/2021/kw32/akcio/KW32_akcios_kinalat_nagy_06.jpg","569 Ft/kg","-70Ft","569","639Ft","Ft/kg"," slide_3_stop","https://www.aldi.hu/hu/ajanlatok/akciok-aldi-aron/","Ajánlatok megtekintése","DRM_Asset:Aldi/logo.svg","DRM_Asset:Aldi/logo_2.svg"
"HÚSMESTER Grillcsirke - AZON MELEGÉBEN Baconös kenyérlángos","KW32_akcios_kinalat_nagy_06.jpg_KW32_akcios_kinalat_nagy_07.jpg_packshot","KW3","false","true","2021-08-12","2021-08-18","packshot","Érvényes: <b>08.12.</b> csütörtöktől <b>08.18.</b> szerdáig.","csütörtöktől - szerdáig","slide_1","Grillcsirke","https://www.aldi.hu/hu/ajanlatok/akciok-aldi-aron/reszletes-oldal/ps/p/husmestergrillcsirke-10/","DRM_Asset:Aldi/badges/KW32_akcios_kinalat_badge_06.jpg","https://www.aldi.hu/fileadmin/fm-dam/products/2021/kw32/akcio/KW32_akcios_kinalat_nagy_06.jpg","569 Ft/kg","-70Ft","569","639Ft","Ft/kg"," slide_2","Baconös kenyérlángos","https://www.aldi.hu/hu/ajanlatok/akciok-aldi-aron/reszletes-oldal/ps/p/azon-melegbenbaconoes-kenyrlangos-15/","DRM_Asset:Aldi/badges/KW32_akcios_kinalat_badge_07.jpg","https://www.aldi.hu/fileadmin/fm-dam/products/2021/kw32/akcio/KW32_akcios_kinalat_nagy_07.jpg","1 352 Ft/kg","-100Ft","169","269Ft","Ft/darab"," slide_3_stop","https://www.aldi.hu/hu/ajanlatok/akciok-aldi-aron/","Ajánlatok megtekintése","DRM_Asset:Aldi/logo.svg","DRM_Asset:Aldi/logo_2.svg"
"AZON MELEGÉBEN Baconös kenyérlángos - HÚSMESTER Sertés-marha darált hús","KW32_akcios_kinalat_nagy_07.jpg_KW32_akcios_kinalat_nagy_08.jpg_packshot","KW3","false","true","2021-08-12","2021-08-18","packshot","Érvényes: <b>08.12.</b> csütörtöktől <b>08.18.</b> szerdáig.","csütörtöktől - szerdáig","slide_1","Baconös kenyérlángos","https://www.aldi.hu/hu/ajanlatok/akciok-aldi-aron/reszletes-oldal/ps/p/azon-melegbenbaconoes-kenyrlangos-15/","DRM_Asset:Aldi/badges/KW32_akcios_kinalat_badge_07.jpg","https://www.aldi.hu/fileadmin/fm-dam/products/2021/kw32/akcio/KW32_akcios_kinalat_nagy_07.jpg","1 352 Ft/kg","-100Ft","169","269Ft","Ft/darab"," slide_2","Sertés-marha darált hús","https://www.aldi.hu/hu/ajanlatok/akciok-aldi-aron/reszletes-oldal/ps/p/husmesterserts-marha-daralt-hus/","DRM_Asset:Aldi/badges/KW32_akcios_kinalat_badge_08.jpg","https://www.aldi.hu/fileadmin/fm-dam/products/2021/kw32/akcio/KW32_akcios_kinalat_nagy_08.jpg","1 497,50 Ft/kg","-20<span style='font-size:14px'>%</span>","599","749Ft","Ft/tálca"," slide_3_stop","https://www.aldi.hu/hu/ajanlatok/akciok-aldi-aron/","Ajánlatok megtekintése","DRM_Asset:Aldi/logo.svg","DRM_Asset:Aldi/logo_2.svg"
"HÚSMESTER Sertés-marha darált hús - AZON MELEGÉBEN Hozzáadott cukor nélküli, teljes kiőrlésű kakaós dupla tekercs","KW32_akcios_kinalat_nagy_08.jpg_KW32_akcios_kinalat_nagy_09.jpg_packshot","KW3","false","true","2021-08-12","2021-08-18","packshot","Érvényes: <b>08.12.</b> csütörtöktől <b>08.18.</b> szerdáig.","csütörtöktől - szerdáig","slide_1","Sertés-marha darált hús","https://www.aldi.hu/hu/ajanlatok/akciok-aldi-aron/reszletes-oldal/ps/p/husmesterserts-marha-daralt-hus/","DRM_Asset:Aldi/badges/KW32_akcios_kinalat_badge_08.jpg","https://www.aldi.hu/fileadmin/fm-dam/products/2021/kw32/akcio/KW32_akcios_kinalat_nagy_08.jpg","1 497,50 Ft/kg","-20<span style='font-size:14px'>%</span>","599","749Ft","Ft/tálca"," slide_2","Hozzáadott cukor nélküli, teljes kiőrlésű kakaós dupla tekercs","https://www.aldi.hu/hu/ajanlatok/akciok-aldi-aron/reszletes-oldal/ps/p/azon-melegbenhozzaadott-cukor-nlkueli-teljes-kiorl-3/","DRM_Asset:Aldi/badges/KW32_akcios_kinalat_badge_09.jpg","https://www.aldi.hu/fileadmin/fm-dam/products/2021/kw32/akcio/KW32_akcios_kinalat_nagy_09.jpg","990 Ft/kg","-28<span style='font-size:14px'>%</span>","99","139Ft","Ft/darab"," slide_3_stop","https://www.aldi.hu/hu/ajanlatok/akciok-aldi-aron/","Ajánlatok megtekintése","DRM_Asset:Aldi/logo.svg","DRM_Asset:Aldi/logo_2.svg"
"AZON MELEGÉBEN Hozzáadott cukor nélküli, teljes kiőrlésű kakaós dupla tekercs - Tavaszi csirkemell csemege","KW32_akcios_kinalat_nagy_09.jpg_KW32_akcios_kinalat_nagy_10.jpg_packshot","KW3","false","true","2021-08-12","2021-08-18","packshot","Érvényes: <b>08.12.</b> csütörtöktől <b>08.18.</b> szerdáig.","csütörtöktől - szerdáig","slide_1","Hozzáadott cukor nélküli, teljes kiőrlésű kakaós dupla tekercs","https://www.aldi.hu/hu/ajanlatok/akciok-aldi-aron/reszletes-oldal/ps/p/azon-melegbenhozzaadott-cukor-nlkueli-teljes-kiorl-3/","DRM_Asset:Aldi/badges/KW32_akcios_kinalat_badge_09.jpg","https://www.aldi.hu/fileadmin/fm-dam/products/2021/kw32/akcio/KW32_akcios_kinalat_nagy_09.jpg","990 Ft/kg","-28<span style='font-size:14px'>%</span>","99","139Ft","Ft/darab"," slide_2","Tavaszi csirkemell csemege","https://www.aldi.hu/hu/ajanlatok/akciok-aldi-aron/reszletes-oldal/ps/p/tavaszi-csirkemell-csemege/","DRM_Asset:Aldi/badges/KW32_akcios_kinalat_badge_10.jpg","https://www.aldi.hu/fileadmin/fm-dam/products/2021/kw32/akcio/KW32_akcios_kinalat_nagy_10.jpg","1 190 Ft/kg","-25<span style='font-size:14px'>%</span>","119","159Ft","Ft/csomag"," slide_3_stop","https://www.aldi.hu/hu/ajanlatok/akciok-aldi-aron/","Ajánlatok megtekintése","DRM_Asset:Aldi/logo.svg","DRM_Asset:Aldi/logo_2.svg"
"Tavaszi csirkemell csemege - KOKÁRDÁS Vödrös tejföl","KW32_akcios_kinalat_nagy_10.jpg_KW32_akcios_kinalat_nagy_11.jpg_packshot","KW3","false","true","2021-08-12","2021-08-18","packshot","Érvényes: <b>08.12.</b> csütörtöktől <b>08.18.</b> szerdáig.","csütörtöktől - szerdáig","slide_1","Tavaszi csirkemell csemege","https://www.aldi.hu/hu/ajanlatok/akciok-aldi-aron/reszletes-oldal/ps/p/tavaszi-csirkemell-csemege/","DRM_Asset:Aldi/badges/KW32_akcios_kinalat_badge_10.jpg","https://www.aldi.hu/fileadmin/fm-dam/products/2021/kw32/akcio/KW32_akcios_kinalat_nagy_10.jpg","1 190 Ft/kg","-25<span style='font-size:14px'>%</span>","119","159Ft","Ft/csomag"," slide_2","Vödrös tejföl","https://www.aldi.hu/hu/ajanlatok/akciok-aldi-aron/reszletes-oldal/ps/p/kokardasvoedroes-tejfoel-29/","DRM_Asset:Aldi/badges/KW32_akcios_kinalat_badge_11.jpg","https://www.aldi.hu/fileadmin/fm-dam/products/2021/kw32/akcio/KW32_akcios_kinalat_nagy_11.jpg","610,59 Ft/kg","-80Ft","519","599Ft","Ft/vödör"," slide_3_stop","https://www.aldi.hu/hu/ajanlatok/akciok-aldi-aron/","Ajánlatok megtekintése","DRM_Asset:Aldi/logo.svg","DRM_Asset:Aldi/logo_2.svg"
"KOKÁRDÁS Vödrös tejföl - Füstölt, főtt tarja vagy csemege karaj","KW32_akcios_kinalat_nagy_11.jpg_KW32_akcios_kinalat_nagy_12.jpg_packshot","KW3","false","true","2021-08-12","2021-08-18","packshot","Érvényes: <b>08.12.</b> csütörtöktől <b>08.18.</b> szerdáig.","csütörtöktől - szerdáig","slide_1","Vödrös tejföl","https://www.aldi.hu/hu/ajanlatok/akciok-aldi-aron/reszletes-oldal/ps/p/kokardasvoedroes-tejfoel-29/","DRM_Asset:Aldi/badges/KW32_akcios_kinalat_badge_11.jpg","https://www.aldi.hu/fileadmin/fm-dam/products/2021/kw32/akcio/KW32_akcios_kinalat_nagy_11.jpg","610,59 Ft/kg","-80Ft","519","599Ft","Ft/vödör"," slide_2","Füstölt, főtt tarja vagy csemege karaj","https://www.aldi.hu/hu/ajanlatok/akciok-aldi-aron/reszletes-oldal/ps/p/fuestoelt-fott-tarja-vagy-csemege-karaj-10/","DRM_Asset:Aldi/1x1.png","https://www.aldi.hu/fileadmin/fm-dam/products/2021/kw32/akcio/KW32_akcios_kinalat_nagy_12.jpg","3 158,33 / 3 790 Ft/kg","-50Ft","379","429Ft","Ft/csomag"," slide_3_stop","https://www.aldi.hu/hu/ajanlatok/akciok-aldi-aron/","Ajánlatok megtekintése","DRM_Asset:Aldi/logo.svg","DRM_Asset:Aldi/logo_2.svg"
"Füstölt, főtt tarja vagy csemege karaj - MILFINA Kenhető keverék","KW32_akcios_kinalat_nagy_12.jpg_KW32_akcios_kinalat_nagy_13.jpg_packshot","KW3","false","true","2021-08-12","2021-08-18","packshot","Érvényes: <b>08.12.</b> csütörtöktől <b>08.18.</b> szerdáig.","csütörtöktől - szerdáig","slide_1","Füstölt, főtt tarja vagy csemege karaj","https://www.aldi.hu/hu/ajanlatok/akciok-aldi-aron/reszletes-oldal/ps/p/fuestoelt-fott-tarja-vagy-csemege-karaj-10/","DRM_Asset:Aldi/1x1.png","https://www.aldi.hu/fileadmin/fm-dam/products/2021/kw32/akcio/KW32_akcios_kinalat_nagy_12.jpg","3 158,33 / 3 790 Ft/kg","-50Ft","379","429Ft","Ft/csomag"," slide_2","Kenhető keverék","https://www.aldi.hu/hu/ajanlatok/akciok-aldi-aron/reszletes-oldal/ps/p/milfinakenheto-keverk-7/","DRM_Asset:Aldi/badges/KW32_akcios_kinalat_badge_13.jpg","https://www.aldi.hu/fileadmin/fm-dam/products/2021/kw32/akcio/KW32_akcios_kinalat_nagy_13.jpg","1 796 Ft/kg","-200Ft","449","649Ft","Ft/tégely"," slide_3_stop","https://www.aldi.hu/hu/ajanlatok/akciok-aldi-aron/","Ajánlatok megtekintése","DRM_Asset:Aldi/logo.svg","DRM_Asset:Aldi/logo_2.svg"
"MILFINA Kenhető keverék - Füstölt, főtt tarja vagy csemege karaj","KW32_akcios_kinalat_nagy_13.jpg_KW32_akcios_kinalat_nagy_12.jpg_packshot","KW3","false","true","2021-08-12","2021-08-18","packshot","Érvényes: <b>08.12.</b> csütörtöktől <b>08.18.</b> szerdáig.","csütörtöktől - szerdáig","slide_1","Kenhető keverék","https://www.aldi.hu/hu/ajanlatok/akciok-aldi-aron/reszletes-oldal/ps/p/milfinakenheto-keverk-7/","DRM_Asset:Aldi/badges/KW32_akcios_kinalat_badge_13.jpg","https://www.aldi.hu/fileadmin/fm-dam/products/2021/kw32/akcio/KW32_akcios_kinalat_nagy_13.jpg","1 796 Ft/kg","-200Ft","449","649Ft","Ft/tégely"," slide_2","Füstölt, főtt tarja vagy csemege karaj","https://www.aldi.hu/hu/ajanlatok/akciok-aldi-aron/reszletes-oldal/ps/p/fuestoelt-fott-tarja-vagy-csemege-karaj-10/","DRM_Asset:Aldi/1x1.png","https://www.aldi.hu/fileadmin/fm-dam/products/2021/kw32/akcio/KW32_akcios_kinalat_nagy_12.jpg","3 158,33 / 3 790 Ft/kg","-50Ft","379","429Ft","Ft/csomag"," slide_3_stop","https://www.aldi.hu/hu/ajanlatok/akciok-aldi-aron/","Ajánlatok megtekintése","DRM_Asset:Aldi/logo.svg","DRM_Asset:Aldi/logo_2.svg"
"HÚSMESTER Sertésoldalas - Baromfirúd","KW32_akcios_kinalat_nagy_35.jpg_KW32_akcios_kinalat_nagy_36.jpg_packshot","KW3","false","true","2021-08-15","2021-08-18","packshot","Érvényes: <b>08.15.</b> vasárnaptól <b>08.18.</b> szerdáig.","vasárnaptól - szerdáig","slide_1","Sertésoldalas","https://www.aldi.hu/hu/ajanlatok/akciok-aldi-aron/reszletes-oldal/ps/p/husmester-sertsoldalas/","DRM_Asset:Aldi/badges/KW32_akcios_kinalat_badge_35.jpg","https://www.aldi.hu/fileadmin/fm-dam/products/2021/kw32/akcio/KW32_akcios_kinalat_nagy_35.jpg","1 299 Ft/kg","-400Ft","1299","1699Ft","Ft/kg"," slide_2","Baromfirúd","https://www.aldi.hu/hu/ajanlatok/akciok-aldi-aron/reszletes-oldal/ps/p/baromfirud-37/","DRM_Asset:Aldi/badges/KW32_akcios_kinalat_badge_36.jpg","https://www.aldi.hu/fileadmin/fm-dam/products/2021/kw32/akcio/KW32_akcios_kinalat_nagy_36.jpg","269 Ft/kg","-35<span style='font-size:14px'>%</span>","269","419Ft","Ft/darab"," slide_3_stop","https://www.aldi.hu/hu/ajanlatok/akciok-aldi-aron/","Ajánlatok megtekintése","DRM_Asset:Aldi/logo.svg","DRM_Asset:Aldi/logo_2.svg"
"Baromfirúd - ALMARE SEAFOOD Füstölt szivárványos pisztrángfilé","KW32_akcios_kinalat_nagy_36.jpg_KW32_akcios_kinalat_nagy_37.jpg_packshot","KW3","false","true","2021-08-15","2021-08-18","packshot","Érvényes: <b>08.15.</b> vasárnaptól <b>08.18.</b> szerdáig.","vasárnaptól - szerdáig","slide_1","Baromfirúd","https://www.aldi.hu/hu/ajanlatok/akciok-aldi-aron/reszletes-oldal/ps/p/baromfirud-37/","DRM_Asset:Aldi/badges/KW32_akcios_kinalat_badge_36.jpg","https://www.aldi.hu/fileadmin/fm-dam/products/2021/kw32/akcio/KW32_akcios_kinalat_nagy_36.jpg","269 Ft/kg","-35<span style='font-size:14px'>%</span>","269","419Ft","Ft/darab"," slide_2","Füstölt szivárványos pisztrángfilé","https://www.aldi.hu/hu/ajanlatok/akciok-aldi-aron/reszletes-oldal/ps/p/almare-seefood-fuestoelt-szivarvanyos-pisztrangfil/","DRM_Asset:Aldi/badges/KW32_akcios_kinalat_badge_37.jpg","https://www.aldi.hu/fileadmin/fm-dam/products/2021/kw32/akcio/KW32_akcios_kinalat_nagy_37.jpg","5 032 Ft/kg","-30<span style='font-size:14px'>%</span>","629","899Ft","Ft/csomag"," slide_3_stop","https://www.aldi.hu/hu/ajanlatok/akciok-aldi-aron/","Ajánlatok megtekintése","DRM_Asset:Aldi/logo.svg","DRM_Asset:Aldi/logo_2.svg"
"ALMARE SEAFOOD Füstölt szivárványos pisztrángfilé - MILFINA Kenhető friss sajt","KW32_akcios_kinalat_nagy_37.jpg_KW32_akcios_kinalat_nagy_38.jpg_packshot","KW3","false","true","2021-08-15","2021-08-18","packshot","Érvényes: <b>08.15.</b> vasárnaptól <b>08.18.</b> szerdáig.","vasárnaptól - szerdáig","slide_1","Füstölt szivárványos pisztrángfilé","https://www.aldi.hu/hu/ajanlatok/akciok-aldi-aron/reszletes-oldal/ps/p/almare-seefood-fuestoelt-szivarvanyos-pisztrangfil/","DRM_Asset:Aldi/badges/KW32_akcios_kinalat_badge_37.jpg","https://www.aldi.hu/fileadmin/fm-dam/products/2021/kw32/akcio/KW32_akcios_kinalat_nagy_37.jpg","5 032 Ft/kg","-30<span style='font-size:14px'>%</span>","629","899Ft","Ft/csomag"," slide_2","Kenhető friss sajt","https://www.aldi.hu/hu/ajanlatok/akciok-aldi-aron/reszletes-oldal/ps/p/milfina-kenheto-friss-sajt/","DRM_Asset:Aldi/badges/KW32_akcios_kinalat_badge_38.jpg","https://www.aldi.hu/fileadmin/fm-dam/products/2021/kw32/akcio/KW32_akcios_kinalat_nagy_38.jpg","1 393,33 Ft/kg","-16<span style='font-size:14px'>%</span>","209","249Ft","Ft/tégely"," slide_3_stop","https://www.aldi.hu/hu/ajanlatok/akciok-aldi-aron/","Ajánlatok megtekintése","DRM_Asset:Aldi/logo.svg","DRM_Asset:Aldi/logo_2.svg"
"MILFINA Kenhető friss sajt - TIHANY Camembert","KW32_akcios_kinalat_nagy_38.jpg_KW32_akcios_kinalat_nagy_39_01.jpg_packshot","KW3","false","true","2021-08-15","2021-08-18","packshot","Érvényes: <b>08.15.</b> vasárnaptól <b>08.18.</b> szerdáig.","vasárnaptól - szerdáig","slide_1","Kenhető friss sajt","https://www.aldi.hu/hu/ajanlatok/akciok-aldi-aron/reszletes-oldal/ps/p/milfina-kenheto-friss-sajt/","DRM_Asset:Aldi/badges/KW32_akcios_kinalat_badge_38.jpg","https://www.aldi.hu/fileadmin/fm-dam/products/2021/kw32/akcio/KW32_akcios_kinalat_nagy_38.jpg","1 393,33 Ft/kg","-16<span style='font-size:14px'>%</span>","209","249Ft","Ft/tégely"," slide_2","Camembert","https://www.aldi.hu/hu/ajanlatok/akciok-aldi-aron/reszletes-oldal/ps/p/tihany-camembert-1/","DRM_Asset:Aldi/badges/KW32_akcios_kinalat_badge_39.jpg","https://www.aldi.hu/fileadmin/fm-dam/products/2021/kw32/akcio/KW32_akcios_kinalat_nagy_39_01.jpg","2 708,33 Ft/kg","-27<span style='font-size:14px'>%</span>","325","449Ft","Ft/darab"," slide_3_stop","https://www.aldi.hu/hu/ajanlatok/akciok-aldi-aron/","Ajánlatok megtekintése","DRM_Asset:Aldi/logo.svg","DRM_Asset:Aldi/logo_2.svg"
"TIHANY Camembert - DANONE Activia joghurt","KW32_akcios_kinalat_nagy_39_01.jpg_KW32_akcios_kinalat_nagy_40.jpg_packshot","KW3","false","true","2021-08-15","2021-08-18","packshot","Érvényes: <b>08.15.</b> vasárnaptól <b>08.18.</b> szerdáig.","vasárnaptól - szerdáig","slide_1","Camembert","https://www.aldi.hu/hu/ajanlatok/akciok-aldi-aron/reszletes-oldal/ps/p/tihany-camembert-1/","DRM_Asset:Aldi/badges/KW32_akcios_kinalat_badge_39.jpg","https://www.aldi.hu/fileadmin/fm-dam/products/2021/kw32/akcio/KW32_akcios_kinalat_nagy_39_01.jpg","2 708,33 Ft/kg","-27<span style='font-size:14px'>%</span>","325","449Ft","Ft/darab"," slide_2","Activia joghurt","https://www.aldi.hu/hu/ajanlatok/akciok-aldi-aron/reszletes-oldal/ps/p/danone-activia-joghurt-24/","DRM_Asset:Aldi/badges/KW32_akcios_kinalat_badge_40.jpg","https://www.aldi.hu/fileadmin/fm-dam/products/2021/kw32/akcio/KW32_akcios_kinalat_nagy_40.jpg","898 Ft/kg","-50Ft","449","499Ft","Ft/csomag"," slide_3_stop","https://www.aldi.hu/hu/ajanlatok/akciok-aldi-aron/","Ajánlatok megtekintése","DRM_Asset:Aldi/logo.svg","DRM_Asset:Aldi/logo_2.svg"
"DANONE Activia joghurt - FINEST BAKERY Reggelizőkeksz","KW32_akcios_kinalat_nagy_40.jpg_KW32_akcios_kinalat_nagy_41.jpg_packshot","KW3","false","true","2021-08-15","2021-08-18","packshot","Érvényes: <b>08.15.</b> vasárnaptól <b>08.18.</b> szerdáig.","vasárnaptól - szerdáig","slide_1","Activia joghurt","https://www.aldi.hu/hu/ajanlatok/akciok-aldi-aron/reszletes-oldal/ps/p/danone-activia-joghurt-24/","DRM_Asset:Aldi/badges/KW32_akcios_kinalat_badge_40.jpg","https://www.aldi.hu/fileadmin/fm-dam/products/2021/kw32/akcio/KW32_akcios_kinalat_nagy_40.jpg","898 Ft/kg","-50Ft","449","499Ft","Ft/csomag"," slide_2","Reggelizőkeksz","https://www.aldi.hu/hu/ajanlatok/akciok-aldi-aron/reszletes-oldal/ps/p/finest-bakery-reggelizokeksz-5/","DRM_Asset:Aldi/badges/KW32_akcios_kinalat_badge_41.jpg","https://www.aldi.hu/fileadmin/fm-dam/products/2021/kw32/akcio/KW32_akcios_kinalat_nagy_41.jpg","1 130 Ft/kg","-27<span style='font-size:14px'>%</span>","339","469Ft","Ft/doboz"," slide_3_stop","https://www.aldi.hu/hu/ajanlatok/akciok-aldi-aron/","Ajánlatok megtekintése","DRM_Asset:Aldi/logo.svg","DRM_Asset:Aldi/logo_2.svg"
"FINEST BAKERY Reggelizőkeksz - KINDER Csokoládé","KW32_akcios_kinalat_nagy_41.jpg_KW32_akcios_kinalat_nagy_42.jpg_packshot","KW3","false","true","2021-08-15","2021-08-18","packshot","Érvényes: <b>08.15.</b> vasárnaptól <b>08.18.</b> szerdáig.","vasárnaptól - szerdáig","slide_1","Reggelizőkeksz","https://www.aldi.hu/hu/ajanlatok/akciok-aldi-aron/reszletes-oldal/ps/p/finest-bakery-reggelizokeksz-5/","DRM_Asset:Aldi/badges/KW32_akcios_kinalat_badge_41.jpg","https://www.aldi.hu/fileadmin/fm-dam/products/2021/kw32/akcio/KW32_akcios_kinalat_nagy_41.jpg","1 130 Ft/kg","-27<span style='font-size:14px'>%</span>","339","469Ft","Ft/doboz"," slide_2","Csokoládé","https://www.aldi.hu/hu/ajanlatok/akciok-aldi-aron/reszletes-oldal/ps/p/kinder-csokolad-22/","DRM_Asset:Aldi/badges/KW32_akcios_kinalat_badge_42.jpg","https://www.aldi.hu/fileadmin/fm-dam/products/2021/kw32/akcio/KW32_akcios_kinalat_nagy_42.jpg","3 180 Ft/kg","-23<span style='font-size:14px'>%</span>","159","209Ft","Ft/doboz"," slide_3_stop","https://www.aldi.hu/hu/ajanlatok/akciok-aldi-aron/","Ajánlatok megtekintése","DRM_Asset:Aldi/logo.svg","DRM_Asset:Aldi/logo_2.svg"
"KINDER Csokoládé - CUCINA NOBILE - ENJOY FREE! Zöldségtészta","KW32_akcios_kinalat_nagy_42.jpg_KW32_akcios_kinalat_nagy_43.jpg_packshot","KW3","false","true","2021-08-15","2021-08-18","packshot","Érvényes: <b>08.15.</b> vasárnaptól <b>08.18.</b> szerdáig.","vasárnaptól - szerdáig","slide_1","Csokoládé","https://www.aldi.hu/hu/ajanlatok/akciok-aldi-aron/reszletes-oldal/ps/p/kinder-csokolad-22/","DRM_Asset:Aldi/badges/KW32_akcios_kinalat_badge_42.jpg","https://www.aldi.hu/fileadmin/fm-dam/products/2021/kw32/akcio/KW32_akcios_kinalat_nagy_42.jpg","3 180 Ft/kg","-23<span style='font-size:14px'>%</span>","159","209Ft","Ft/doboz"," slide_2","Zöldségtészta","https://www.aldi.hu/hu/ajanlatok/akciok-aldi-aron/reszletes-oldal/ps/p/cucina-nobile-zoeldsgtszta/","DRM_Asset:Aldi/badges/KW32_akcios_kinalat_badge_43.jpg","https://www.aldi.hu/fileadmin/fm-dam/products/2021/kw32/akcio/KW32_akcios_kinalat_nagy_43.jpg","1 398 Ft/kg","-300Ft","699","999Ft","Ft/csomag"," slide_3_stop","https://www.aldi.hu/hu/ajanlatok/akciok-aldi-aron/","Ajánlatok megtekintése","DRM_Asset:Aldi/logo.svg","DRM_Asset:Aldi/logo_2.svg"
"CUCINA NOBILE - ENJOY FREE! Zöldségtészta - BON-RI Kerekszemű rizs","KW32_akcios_kinalat_nagy_43.jpg_KW32_akcios_kinalat_nagy_44.jpg_packshot","KW3","false","true","2021-08-15","2021-08-18","packshot","Érvényes: <b>08.15.</b> vasárnaptól <b>08.18.</b> szerdáig.","vasárnaptól - szerdáig","slide_1","Zöldségtészta","https://www.aldi.hu/hu/ajanlatok/akciok-aldi-aron/reszletes-oldal/ps/p/cucina-nobile-zoeldsgtszta/","DRM_Asset:Aldi/badges/KW32_akcios_kinalat_badge_43.jpg","https://www.aldi.hu/fileadmin/fm-dam/products/2021/kw32/akcio/KW32_akcios_kinalat_nagy_43.jpg","1 398 Ft/kg","-300Ft","699","999Ft","Ft/csomag"," slide_2","Kerekszemű rizs","https://www.aldi.hu/hu/ajanlatok/akciok-aldi-aron/reszletes-oldal/ps/p/bon-rikerekszemu-rizs-1/","DRM_Asset:Aldi/badges/KW32_akcios_kinalat_badge_44.jpg","https://www.aldi.hu/fileadmin/fm-dam/products/2021/kw32/akcio/KW32_akcios_kinalat_nagy_44.jpg","398 Ft/kg","-100Ft","199","299Ft","Ft/csomag"," slide_3_stop","https://www.aldi.hu/hu/ajanlatok/akciok-aldi-aron/","Ajánlatok megtekintése","DRM_Asset:Aldi/logo.svg","DRM_Asset:Aldi/logo_2.svg"
"BON-RI Kerekszemű rizs - LE GUSTO Instant leves","KW32_akcios_kinalat_nagy_44.jpg_KW32_akcios_kinalat_nagy_45.jpg_packshot","KW3","false","true","2021-08-15","2021-08-18","packshot","Érvényes: <b>08.15.</b> vasárnaptól <b>08.18.</b> szerdáig.","vasárnaptól - szerdáig","slide_1","Kerekszemű rizs","https://www.aldi.hu/hu/ajanlatok/akciok-aldi-aron/reszletes-oldal/ps/p/bon-rikerekszemu-rizs-1/","DRM_Asset:Aldi/badges/KW32_akcios_kinalat_badge_44.jpg","https://www.aldi.hu/fileadmin/fm-dam/products/2021/kw32/akcio/KW32_akcios_kinalat_nagy_44.jpg","398 Ft/kg","-100Ft","199","299Ft","Ft/csomag"," slide_2","Instant leves","https://www.aldi.hu/hu/ajanlatok/akciok-aldi-aron/reszletes-oldal/ps/p/le-gusto-instant-leves-5/","DRM_Asset:Aldi/badges/KW32_akcios_kinalat_badge_45.jpg","https://www.aldi.hu/fileadmin/fm-dam/products/2021/kw32/akcio/KW32_akcios_kinalat_nagy_45.jpg","2 449,28 / 2<br/> 964,91 / 3<br/> 129,63 / 3<br/> 520,83 / 3<br/> 755,56 / 4 333,33 Ft/kg","-32<span style='font-size:14px'>%</span>","169","249Ft","Ft/doboz"," slide_3_stop","https://www.aldi.hu/hu/ajanlatok/akciok-aldi-aron/","Ajánlatok megtekintése","DRM_Asset:Aldi/logo.svg","DRM_Asset:Aldi/logo_2.svg"
"LE GUSTO Instant leves - AZON MELEGÉBEN Zsíros cipó","KW32_akcios_kinalat_nagy_45.jpg_KW32_akcios_kinalat_nagy_46.jpg_packshot","KW3","false","true","2021-08-15","2021-08-18","packshot","Érvényes: <b>08.15.</b> vasárnaptól <b>08.18.</b> szerdáig.","vasárnaptól - szerdáig","slide_1","Instant leves","https://www.aldi.hu/hu/ajanlatok/akciok-aldi-aron/reszletes-oldal/ps/p/le-gusto-instant-leves-5/","DRM_Asset:Aldi/badges/KW32_akcios_kinalat_badge_45.jpg","https://www.aldi.hu/fileadmin/fm-dam/products/2021/kw32/akcio/KW32_akcios_kinalat_nagy_45.jpg","2 449,28 / 2<br/> 964,91 / 3<br/> 129,63 / 3<br/> 520,83 / 3<br/> 755,56 / 4 333,33 Ft/kg","-32<span style='font-size:14px'>%</span>","169","249Ft","Ft/doboz"," slide_2","Zsíros cipó","https://www.aldi.hu/hu/ajanlatok/akciok-aldi-aron/reszletes-oldal/ps/p/azon-melegben-zsiros-cipo-4/","DRM_Asset:Aldi/badges/KW32_akcios_kinalat_badge_46.jpg","https://www.aldi.hu/fileadmin/fm-dam/products/2021/kw32/akcio/KW32_akcios_kinalat_nagy_46.jpg","397,50 Ft/kg","-36<span style='font-size:14px'>%</span>","159","249Ft","Ft/darab"," slide_3_stop","https://www.aldi.hu/hu/ajanlatok/akciok-aldi-aron/","Ajánlatok megtekintése","DRM_Asset:Aldi/logo.svg","DRM_Asset:Aldi/logo_2.svg"
"AZON MELEGÉBEN Zsíros cipó - AZON MELEGÉBEN Túrós táska","KW32_akcios_kinalat_nagy_46.jpg_KW32_akcios_kinalat_nagy_47.jpg_packshot","KW3","false","true","2021-08-15","2021-08-18","packshot","Érvényes: <b>08.15.</b> vasárnaptól <b>08.18.</b> szerdáig.","vasárnaptól - szerdáig","slide_1","Zsíros cipó","https://www.aldi.hu/hu/ajanlatok/akciok-aldi-aron/reszletes-oldal/ps/p/azon-melegben-zsiros-cipo-4/","DRM_Asset:Aldi/badges/KW32_akcios_kinalat_badge_46.jpg","https://www.aldi.hu/fileadmin/fm-dam/products/2021/kw32/akcio/KW32_akcios_kinalat_nagy_46.jpg","397,50 Ft/kg","-36<span style='font-size:14px'>%</span>","159","249Ft","Ft/darab"," slide_2","Túrós táska","https://www.aldi.hu/hu/ajanlatok/akciok-aldi-aron/reszletes-oldal/ps/p/azon-melegben-turos-taska-8/","DRM_Asset:Aldi/badges/KW32_akcios_kinalat_badge_47.jpg","https://www.aldi.hu/fileadmin/fm-dam/products/2021/kw32/akcio/KW32_akcios_kinalat_nagy_47.jpg","726,32 Ft/kg","-30<span style='font-size:14px'>%</span>","69","99Ft","Ft/darab"," slide_3_stop","https://www.aldi.hu/hu/ajanlatok/akciok-aldi-aron/","Ajánlatok megtekintése","DRM_Asset:Aldi/logo.svg","DRM_Asset:Aldi/logo_2.svg"
"AZON MELEGÉBEN Túrós táska - KAZNACHEYSKAYA Eredeti orosz vodka","KW32_akcios_kinalat_nagy_47.jpg_KW32_akcios_kinalat_nagy_48.jpg_packshot","KW3","false","true","2021-08-15","2021-08-18","packshot","Érvényes: <b>08.15.</b> vasárnaptól <b>08.18.</b> szerdáig.","vasárnaptól - szerdáig","slide_1","Túrós táska","https://www.aldi.hu/hu/ajanlatok/akciok-aldi-aron/reszletes-oldal/ps/p/azon-melegben-turos-taska-8/","DRM_Asset:Aldi/badges/KW32_akcios_kinalat_badge_47.jpg","https://www.aldi.hu/fileadmin/fm-dam/products/2021/kw32/akcio/KW32_akcios_kinalat_nagy_47.jpg","726,32 Ft/kg","-30<span style='font-size:14px'>%</span>","69","99Ft","Ft/darab"," slide_2","Eredeti orosz vodka","https://www.aldi.hu/hu/ajanlatok/akciok-aldi-aron/reszletes-oldal/ps/p/kaznacheyskayaeredeti-orosz-vodka-7/","DRM_Asset:Aldi/badges/KW32_akcios_kinalat_badge_48.jpg","https://www.aldi.hu/fileadmin/fm-dam/products/2021/kw32/akcio/KW32_akcios_kinalat_nagy_48.jpg","3 712,86 Ft/l","-700Ft","2599","3299Ft","Ft/üveg"," slide_3_stop","https://www.aldi.hu/hu/ajanlatok/akciok-aldi-aron/","Ajánlatok megtekintése","DRM_Asset:Aldi/logo.svg","DRM_Asset:Aldi/logo_2.svg"
"KAZNACHEYSKAYA Eredeti orosz vodka - NATURE'S GOLD Pfefferoni","KW32_akcios_kinalat_nagy_48.jpg_KW32_akcios_kinalat_nagy_49.jpg_packshot","KW3","false","true","2021-08-15","2021-08-18","packshot","Érvényes: <b>08.15.</b> vasárnaptól <b>08.18.</b> szerdáig.","vasárnaptól - szerdáig","slide_1","Eredeti orosz vodka","https://www.aldi.hu/hu/ajanlatok/akciok-aldi-aron/reszletes-oldal/ps/p/kaznacheyskayaeredeti-orosz-vodka-7/","DRM_Asset:Aldi/badges/KW32_akcios_kinalat_badge_48.jpg","https://www.aldi.hu/fileadmin/fm-dam/products/2021/kw32/akcio/KW32_akcios_kinalat_nagy_48.jpg","3 712,86 Ft/l","-700Ft","2599","3299Ft","Ft/üveg"," slide_2","Pfefferoni","https://www.aldi.hu/hu/ajanlatok/akciok-aldi-aron/reszletes-oldal/ps/p/natures-gold-pfefferoni-2/","DRM_Asset:Aldi/badges/KW32_akcios_kinalat_badge_49.jpg","https://www.aldi.hu/fileadmin/fm-dam/products/2021/kw32/akcio/KW32_akcios_kinalat_nagy_49.jpg","1 425 Ft/kg (töltőtömeg)","-100Ft","399","499Ft","Ft/üveg"," slide_3_stop","https://www.aldi.hu/hu/ajanlatok/akciok-aldi-aron/","Ajánlatok megtekintése","DRM_Asset:Aldi/logo.svg","DRM_Asset:Aldi/logo_2.svg"
"NATURE'S GOLD Pfefferoni - SNACK FUN Sós pálcika vagy sós perec","KW32_akcios_kinalat_nagy_49.jpg_KW32_akcios_kinalat_nagy_50.jpg_packshot","KW3","false","true","2021-08-15","2021-08-18","packshot","Érvényes: <b>08.15.</b> vasárnaptól <b>08.18.</b> szerdáig.","vasárnaptól - szerdáig","slide_1","Pfefferoni","https://www.aldi.hu/hu/ajanlatok/akciok-aldi-aron/reszletes-oldal/ps/p/natures-gold-pfefferoni-2/","DRM_Asset:Aldi/badges/KW32_akcios_kinalat_badge_49.jpg","https://www.aldi.hu/fileadmin/fm-dam/products/2021/kw32/akcio/KW32_akcios_kinalat_nagy_49.jpg","1 425 Ft/kg (töltőtömeg)","-100Ft","399","499Ft","Ft/üveg"," slide_2","Sós pálcika vagy sós perec","https://www.aldi.hu/hu/ajanlatok/akciok-aldi-aron/reszletes-oldal/ps/p/snack-fun-sos-palcika-vagy-sos-perec-20/","DRM_Asset:Aldi/badges/KW32_akcios_kinalat_badge_50.jpg","https://www.aldi.hu/fileadmin/fm-dam/products/2021/kw32/akcio/KW32_akcios_kinalat_nagy_50.jpg","1 122,50 Ft/kg","-15<span style='font-size:14px'>%</span>","449","529Ft","Ft/csomag"," slide_3_stop","https://www.aldi.hu/hu/ajanlatok/akciok-aldi-aron/","Ajánlatok megtekintése","DRM_Asset:Aldi/logo.svg","DRM_Asset:Aldi/logo_2.svg"
"SNACK FUN Sós pálcika vagy sós perec - PRIMANA Lencsés egytálétel","KW32_akcios_kinalat_nagy_50.jpg_KW32_akcios_kinalat_nagy_52.jpg_packshot","KW3","false","true","2021-08-15","2021-08-18","packshot","Érvényes: <b>08.15.</b> vasárnaptól <b>08.18.</b> szerdáig.","vasárnaptól - szerdáig","slide_1","Sós pálcika vagy sós perec","https://www.aldi.hu/hu/ajanlatok/akciok-aldi-aron/reszletes-oldal/ps/p/snack-fun-sos-palcika-vagy-sos-perec-20/","DRM_Asset:Aldi/badges/KW32_akcios_kinalat_badge_50.jpg","https://www.aldi.hu/fileadmin/fm-dam/products/2021/kw32/akcio/KW32_akcios_kinalat_nagy_50.jpg","1 122,50 Ft/kg","-15<span style='font-size:14px'>%</span>","449","529Ft","Ft/csomag"," slide_2","Lencsés egytálétel","https://www.aldi.hu/hu/ajanlatok/akciok-aldi-aron/reszletes-oldal/ps/p/primana-lencss-egytaltel-10/","DRM_Asset:Aldi/badges/KW32_akcios_kinalat_badge_52.jpg","https://www.aldi.hu/fileadmin/fm-dam/products/2021/kw32/akcio/KW32_akcios_kinalat_nagy_52.jpg","623,75 Ft/kg","-200Ft","499","699Ft","Ft/doboz"," slide_3_stop","https://www.aldi.hu/hu/ajanlatok/akciok-aldi-aron/","Ajánlatok megtekintése","DRM_Asset:Aldi/logo.svg","DRM_Asset:Aldi/logo_2.svg"
"PRIMANA Lencsés egytálétel - NATURE'S GOLD Vörösbab","KW32_akcios_kinalat_nagy_52.jpg_KW32_akcios_kinalat_nagy_53.jpg_packshot","KW3","false","true","2021-08-15","2021-08-18","packshot","Érvényes: <b>08.15.</b> vasárnaptól <b>08.18.</b> szerdáig.","vasárnaptól - szerdáig","slide_1","Lencsés egytálétel","https://www.aldi.hu/hu/ajanlatok/akciok-aldi-aron/reszletes-oldal/ps/p/primana-lencss-egytaltel-10/","DRM_Asset:Aldi/badges/KW32_akcios_kinalat_badge_52.jpg","https://www.aldi.hu/fileadmin/fm-dam/products/2021/kw32/akcio/KW32_akcios_kinalat_nagy_52.jpg","623,75 Ft/kg","-200Ft","499","699Ft","Ft/doboz"," slide_2","Vörösbab","https://www.aldi.hu/hu/ajanlatok/akciok-aldi-aron/reszletes-oldal/ps/p/natures-gold-voeroesbab/","DRM_Asset:Aldi/badges/KW32_akcios_kinalat_badge_53.jpg","https://www.aldi.hu/fileadmin/fm-dam/products/2021/kw32/akcio/KW32_akcios_kinalat_nagy_53.jpg","662,75 Ft/kg (töltőtömeg)","-15<span style='font-size:14px'>%</span>","169","199Ft","Ft/doboz"," slide_3_stop","https://www.aldi.hu/hu/ajanlatok/akciok-aldi-aron/","Ajánlatok megtekintése","DRM_Asset:Aldi/logo.svg","DRM_Asset:Aldi/logo_2.svg"
"NATURE'S GOLD Vörösbab - AMAROY Espresso Classico vagy Grande Selezione vagy Crema szemes kávé","KW32_akcios_kinalat_nagy_53.jpg_KW32_akcios_kinalat_nagy_54.jpg_packshot","KW3","false","true","2021-08-15","2021-08-18","packshot","Érvényes: <b>08.15.</b> vasárnaptól <b>08.18.</b> szerdáig.","vasárnaptól - szerdáig","slide_1","Vörösbab","https://www.aldi.hu/hu/ajanlatok/akciok-aldi-aron/reszletes-oldal/ps/p/natures-gold-voeroesbab/","DRM_Asset:Aldi/badges/KW32_akcios_kinalat_badge_53.jpg","https://www.aldi.hu/fileadmin/fm-dam/products/2021/kw32/akcio/KW32_akcios_kinalat_nagy_53.jpg","662,75 Ft/kg (töltőtömeg)","-15<span style='font-size:14px'>%</span>","169","199Ft","Ft/doboz"," slide_2","Espresso Classico vagy Grande Selezione vagy Crema szemes kávé","https://www.aldi.hu/hu/ajanlatok/akciok-aldi-aron/reszletes-oldal/ps/p/amaroy-espresso-classico-vagy-grande-selezione-vag/","DRM_Asset:Aldi/badges/KW32_akcios_kinalat_badge_54.jpg","https://www.aldi.hu/fileadmin/fm-dam/products/2021/kw32/akcio/KW32_akcios_kinalat_nagy_54.jpg","2 198 Ft/kg","-150Ft","1099","1249Ft","Ft/csomag"," slide_3_stop","https://www.aldi.hu/hu/ajanlatok/akciok-aldi-aron/","Ajánlatok megtekintése","DRM_Asset:Aldi/logo.svg","DRM_Asset:Aldi/logo_2.svg"
"AMAROY Espresso Classico vagy Grande Selezione vagy Crema szemes kávé - SWEET VALLEY Szeletelt ananász","KW32_akcios_kinalat_nagy_54.jpg_KW32_akcios_kinalat_nagy_55.jpg_packshot","KW3","false","true","2021-08-15","2021-08-18","packshot","Érvényes: <b>08.15.</b> vasárnaptól <b>08.18.</b> szerdáig.","vasárnaptól - szerdáig","slide_1","Espresso Classico vagy Grande Selezione vagy Crema szemes kávé","https://www.aldi.hu/hu/ajanlatok/akciok-aldi-aron/reszletes-oldal/ps/p/amaroy-espresso-classico-vagy-grande-selezione-vag/","DRM_Asset:Aldi/badges/KW32_akcios_kinalat_badge_54.jpg","https://www.aldi.hu/fileadmin/fm-dam/products/2021/kw32/akcio/KW32_akcios_kinalat_nagy_54.jpg","2 198 Ft/kg","-150Ft","1099","1249Ft","Ft/csomag"," slide_2","Szeletelt ananász","https://www.aldi.hu/hu/ajanlatok/akciok-aldi-aron/reszletes-oldal/ps/p/sweet-valley-szeletelt-ananasz-3/","DRM_Asset:Aldi/badges/KW32_akcios_kinalat_badge_55.jpg","https://www.aldi.hu/fileadmin/fm-dam/products/2021/kw32/akcio/KW32_akcios_kinalat_nagy_55.jpg","1 467,65 Ft/kg (töltőtömeg)","-100Ft","499","599Ft","Ft/doboz"," slide_3_stop","https://www.aldi.hu/hu/ajanlatok/akciok-aldi-aron/","Ajánlatok megtekintése","DRM_Asset:Aldi/logo.svg","DRM_Asset:Aldi/logo_2.svg"
"SWEET VALLEY Szeletelt ananász - LISTERINE Szájvíz","KW32_akcios_kinalat_nagy_55.jpg_KW32_akcios_kinalat_nagy_56.jpg_packshot","KW3","false","true","2021-08-15","2021-08-18","packshot","Érvényes: <b>08.15.</b> vasárnaptól <b>08.18.</b> szerdáig.","vasárnaptól - szerdáig","slide_1","Szeletelt ananász","https://www.aldi.hu/hu/ajanlatok/akciok-aldi-aron/reszletes-oldal/ps/p/sweet-valley-szeletelt-ananasz-3/","DRM_Asset:Aldi/badges/KW32_akcios_kinalat_badge_55.jpg","https://www.aldi.hu/fileadmin/fm-dam/products/2021/kw32/akcio/KW32_akcios_kinalat_nagy_55.jpg","1 467,65 Ft/kg (töltőtömeg)","-100Ft","499","599Ft","Ft/doboz"," slide_2","Szájvíz","https://www.aldi.hu/hu/ajanlatok/akciok-aldi-aron/reszletes-oldal/ps/p/listerine-szajviz-8/","DRM_Asset:Aldi/badges/KW32_akcios_kinalat_badge_56.jpg","https://www.aldi.hu/fileadmin/fm-dam/products/2021/kw32/akcio/KW32_akcios_kinalat_nagy_56.jpg","2 098 Ft/l","-25<span style='font-size:14px'>%</span>","1049","1399Ft","Ft/flakon"," slide_3_stop","https://www.aldi.hu/hu/ajanlatok/akciok-aldi-aron/","Ajánlatok megtekintése","DRM_Asset:Aldi/logo.svg","DRM_Asset:Aldi/logo_2.svg"
"LISTERINE Szájvíz - TANDIL Mosogatógéptisztító- és -ápolószer","KW32_akcios_kinalat_nagy_56.jpg_KW32_akcios_kinalat_nagy_57.jpg_packshot","KW3","false","true","2021-08-15","2021-08-18","packshot","Érvényes: <b>08.15.</b> vasárnaptól <b>08.18.</b> szerdáig.","vasárnaptól - szerdáig","slide_1","Szájvíz","https://www.aldi.hu/hu/ajanlatok/akciok-aldi-aron/reszletes-oldal/ps/p/listerine-szajviz-8/","DRM_Asset:Aldi/badges/KW32_akcios_kinalat_badge_56.jpg","https://www.aldi.hu/fileadmin/fm-dam/products/2021/kw32/akcio/KW32_akcios_kinalat_nagy_56.jpg","2 098 Ft/l","-25<span style='font-size:14px'>%</span>","1049","1399Ft","Ft/flakon"," slide_2","Mosogatógéptisztító- és -ápolószer","https://www.aldi.hu/hu/ajanlatok/akciok-aldi-aron/reszletes-oldal/ps/p/tandil-mosogatogptisztito-s-apoloszer/","DRM_Asset:Aldi/badges/KW32_akcios_kinalat_badge_57.jpg","https://www.aldi.hu/fileadmin/fm-dam/products/2021/kw32/akcio/KW32_akcios_kinalat_nagy_57.jpg","898 Ft/l","-25<span style='font-size:14px'>%</span>","449","599Ft","Ft/csomag"," slide_3_stop","https://www.aldi.hu/hu/ajanlatok/akciok-aldi-aron/","Ajánlatok megtekintése","DRM_Asset:Aldi/logo.svg","DRM_Asset:Aldi/logo_2.svg"
"TANDIL Mosogatógéptisztító- és -ápolószer - LISTERINE Szájvíz","KW32_akcios_kinalat_nagy_57.jpg_KW32_akcios_kinalat_nagy_56.jpg_packshot","KW3","false","true","2021-08-15","2021-08-18","packshot","Érvényes: <b>08.15.</b> vasárnaptól <b>08.18.</b> szerdáig.","vasárnaptól - szerdáig","slide_1","Mosogatógéptisztító- és -ápolószer","https://www.aldi.hu/hu/ajanlatok/akciok-aldi-aron/reszletes-oldal/ps/p/tandil-mosogatogptisztito-s-apoloszer/","DRM_Asset:Aldi/badges/KW32_akcios_kinalat_badge_57.jpg","https://www.aldi.hu/fileadmin/fm-dam/products/2021/kw32/akcio/KW32_akcios_kinalat_nagy_57.jpg","898 Ft/l","-25<span style='font-size:14px'>%</span>","449","599Ft","Ft/csomag"," slide_2","Szájvíz","https://www.aldi.hu/hu/ajanlatok/akciok-aldi-aron/reszletes-oldal/ps/p/listerine-szajviz-8/","DRM_Asset:Aldi/badges/KW32_akcios_kinalat_badge_56.jpg","https://www.aldi.hu/fileadmin/fm-dam/products/2021/kw32/akcio/KW32_akcios_kinalat_nagy_56.jpg","2 098 Ft/l","-25<span style='font-size:14px'>%</span>","1049","1399Ft","Ft/flakon"," slide_3_stop","https://www.aldi.hu/hu/ajanlatok/akciok-aldi-aron/","Ajánlatok megtekintése","DRM_Asset:Aldi/logo.svg","DRM_Asset:Aldi/logo_2.svg"
